,PC1,PC2,PC3,PC4,PC5,PC6,PC7,PC8,PC9,PC10,PC11,PC12,PC13,PC14,PC15,PC16,PC17,PC18,PC19,PC20,PC21,PC22,PC23,PC24,PC25
length,0.30755483432294806,0.6060083104654447,0.4913403809475564,0.025779382039252174,-0.3530833247822053,-0.12977536177231616,0.26813365670518063,-0.1622099755762181,-0.06021732978785498,0.16178199129151957,-0.03647292896962644,-0.11281365878340603,0.07796335541681415,-0.0795519694032569,-0.018371922841830573,-0.07827957340522869,0.00855070115176163,-0.04426498434586111,-0.048511345544924846,-0.05074300861274685,0.017735301622120836,-0.0021879931697892023,-0.007525409808323891,1.5571750176535262e-29,1.5077431149017258e-32
mw_kda,0.3252977605050484,0.6073499024394239,0.47598952783341897,0.024521827435203068,-0.353104850216667,-0.13431136548589268,0.26743390531423744,-0.15535939887768485,-0.05889506696528216,0.1681010447008739,-0.039968578394575474,-0.11853091762656072,0.0792025223272403,-0.0822171789151795,-0.024963359279216554,-0.07918934345858102,0.004012291764345158,-0.04186447968142601,-0.04178742886217991,-0.048199872979347864,0.016067778504245844,0.002241896304653179,0.007542998350990476,-1.5434834245269807e-29,-4.78959106105694e-32
isoelectric_point,-0.3621028941514049,-0.5406475626410188,-0.17428157546006876,0.20538774010377592,-0.3450731572755634,-0.2957434747261868,0.05459954038869117,0.35158397730547336,0.20822602184829755,0.29012623495111745,0.13658347798300044,0.024107546328591054,0.061145720303655365,-0.11105258599394918,-0.012138981892517522,-0.03988698057278336,0.032532784735660514,0.026772472875985075,-0.016024204471911736,-0.06301598535105422,0.02005481818442149,0.11665150810604896,-0.00013616965979784858,2.509468016437114e-31,4.069965997625341e-32
instability_index,-0.632835035583871,-0.029041798272482433,-0.3132931714387248,-0.3450261399071273,-0.11563712819271216,-0.016342005390549755,0.16578218429147737,-0.33280900929336565,0.2317435741110537,0.13910228735807342,-0.10961920558549548,-0.059633495369968974,-0.11107342058203618,-0.046670771482759665,0.1513075375464949,0.05583992804895557,-0.06635415432659889,0.2579068376342686,-0.07891179996691344,-0.00394516018598586,0.1910928273819088,-0.021500946731476667,4.790048100044923e-05,-3.8914236951908466e-31,6.97468717109559e-33
aromaticity,0.8489720279780073,-0.16221594822150182,-0.029117880378827912,-0.27312118260451745,-0.11316930996278302,0.03761277911125496,-0.20411744963614142,-0.008396308420220927,0.18544568603090136,0.010974558533436717,0.2407796866453355,-0.05852862379699292,-0.008770837932054448,0.031155031029516222,-0.16192522765595838,-0.040416548871815165,-0.06649378375020239,0.06157744152258469,-0.02263504226349191,-0.03321045010388147,0.02288220360905586,-0.008228879330628975,-3.2916187883054215e-05,6.3389138301385e-16,-6.109361473910377e-18
aa_A,-0.10277622666034361,0.1457724004231616,0.765741722778553,-0.026872952841417046,0.030539126383197973,0.12805347652924698,-0.2369039203788228,0.0006606567038041923,0.1831585813315089,0.015829230069606594,0.06897225728312124,0.39470886049738,0.09620563106765001,-0.05829139680579222,0.10242234203285197,0.27001137553343524,0.1399143973782362,-0.017903387552611866,-0.02823305431109481,-0.07660076324415806,0.06617286618135297,0.003052993942623283,0.0001005801772029379,6.11435304567263e-17,1.0462182366420116e-16
aa_C,0.18062357086729355,-0.41097400638633813,-0.11439801417023615,-0.21419547520923812,0.21700138246607276,0.35481556059508457,0.42927342957417447,-0.04024626282689381,-0.3837918988357452,0.22583690752837002,0.09370349631569791,-0.10806629150938607,-0.1859515699359151,-0.17000818601213996,-0.17833993604509904,0.15431068764108682,0.22217136290110331,0.010894406306883509,-0.07751519446701605,-0.019714522830985702,-0.021392029795305755,0.011824317605655034,-9.266074793442773e-07,2.2989750738960825e-17,3.933743488360981e-17
aa_D,-0.11668125645742854,0.7169691925662244,-0.11661518327679313,-0.30823635189255344,0.2421868886447639,-0.03364708364473258,-0.33124240264666593,0.14404639873585331,-0.060347709012681716,0.05640551712610824,-0.06969255835084485,-0.12579395822950065,-0.12977779300077374,0.15509259162926592,-0.009443381663047801,-0.18413269468917834,0.2004723212697,-0.06311776008944718,-0.07726073864901943,0.13702090077827828,0.11233364784526727,0.0569439619443304,-4.004693854834034e-05,3.118677739639656e-17,5.336325038884914e-17
aa_E,-0.03846389365874022,0.7936973330439147,-0.23232806258440972,-0.1816701711098243,0.26143849565936184,0.12360505670400002,0.07689070851103819,0.09343024274235606,-0.13055341298782092,-0.009171772847585663,-0.05732929766972166,-0.05903485233173875,0.1541366391270608,-0.011611083423448413,-0.09484004237720113,0.13559078599950095,-0.15275271988667613,0.15777439870389298,0.23580436406801009,-0.11691583538226065,-0.028388440426899288,0.05946469464162507,-0.0001519681752523344,2.4464048633925086e-17,4.1860085002817374e-17
aa_F,0.7690866128549417,0.044319041034762,-0.07912363839394884,-0.1012946176422956,0.05446980547026115,-0.2342930621300828,-0.09034737503498433,0.04345227470090357,-0.04288043345291116,0.0012233961885255455,0.47518777835103493,-0.006301743656374371,-0.20036464140850122,0.058710605816442385,-0.06605147310894136,0.06631875245898947,-0.20197248217924435,-0.027235889189847172,-0.06226942902748134,-0.04849990524882405,0.08938105213609761,-0.004183516259785818,-9.574964241878333e-06,-4.0508551173409225e-16,5.712193522185811e-17
aa_G,-0.21417811427697,-0.258885783336457,0.5667333744006255,0.3512365868143239,0.32287241478543927,0.11630898814012669,0.18545455990569693,0.03728398024665528,-0.13239501355837666,0.028491427137198475,0.2854861074470646,-0.10156116482196638,0.09102150277294453,0.20966882769749828,0.15316555654253167,-0.2671735177713111,0.0033881734412355524,0.21128434130960846,-0.00421001496092604,-0.02008504029693591,-0.01791386857871417,-0.007328177575478147,4.7711580825802274e-05,4.556038016950748e-17,7.795771726890473e-17
aa_H,0.2555937039141249,-0.30581411339920495,-0.09079474154660666,0.3810198102672613,-0.10195248401693091,0.19851647514825135,-0.37701701315088304,-0.29791535058220553,-0.27179640908731073,0.49336568086671834,-0.14800308440098472,0.0451862343330365,-0.11319062716409323,-0.03151858486712463,0.03676163994903936,-0.08293287088010211,-0.05954032872288481,-0.06543867338650225,0.20105120798732548,-0.008621369005644633,0.09542323460177776,-0.006054658502468815,-4.1195424552101985e-05,2.062571382212773e-17,3.529236500293648e-17
aa_I,0.4910517961140184,-0.11762351280352623,-0.34068860662581923,0.0853556671311228,0.07300360953236562,0.472304982122015,0.21437294276669,0.2921840876237736,0.19258880169349413,-0.1207577200087805,-0.157737122852798,-0.2123204485122514,0.13337810830551697,-0.02342373832478917,0.260375400329264,-0.023431143364748514,-0.06974843280152426,-0.18484411429318415,-0.055477569956736555,-0.11961962034135794,0.10446334565718031,0.0005767520218106832,1.8762478479967193e-05,2.948699012542936e-17,5.045476861160454e-17
aa_K,0.3994712488959483,0.28593812107896044,-0.4696555176658007,0.041819071506809725,-0.29826721280971075,0.136063480772532,0.20152581628606833,0.31688244830359025,-0.1680214027755854,0.20467541197699174,0.08171903959830881,0.3022637440749871,0.21813476304007315,-0.0034388342698060278,0.0774376217554389,0.022966717258118198,-0.046901681731909346,0.08214826879011942,-0.03341153659907393,0.26142752493991994,-0.005653223161043088,-0.028423047471709706,-2.0405449139345644e-05,2.3124248066658513e-17,3.9567571344435236e-17
aa_L,0.5494484654256142,-0.23932548343525592,0.2766167036101971,-0.2991830496961364,0.14621288727953,-0.31750108347406425,0.00819013497683606,0.11497347964144417,-0.03415658841272697,-0.03309340005858385,-0.3606266364267936,0.06872001453744558,-0.2629162417592385,-0.25427439565275983,0.19674983679862154,-0.08836260446715513,-0.1259073985859948,0.0614311857006454,-0.01764248304326148,0.04268720655630707,-0.1168395840607802,0.016845480458828103,-5.172627195612795e-05,5.197171861741356e-17,8.892806712502017e-17
aa_M,0.03050007165054172,-0.1728921574984966,-0.23600634582823193,0.05122037960948984,0.6361597310549533,-0.34577371629345477,0.036926565029286956,-0.33500122503105373,0.07037811108480167,0.09303895772269419,-0.008855163057990573,0.0620838737600091,0.4201061931629612,-0.2244734349468881,-0.13248565958768135,-0.07514598135854454,-0.045147719511966763,-0.08224468272979997,-0.07743259794674912,0.0445260618332271,0.048013093550811986,-0.0009513501161154473,-1.614187690897183e-05,1.872902559284354e-17,3.2046968801769633e-17
aa_N,0.5336628952935852,0.04964934608581917,-0.36836199329903335,0.21457614661793376,-0.035290916148530437,-0.38632144190611295,-0.13792049431509154,-0.19888789789424915,0.07035770623940836,0.06243014184586287,0.09016199329148454,-0.35130979246095134,0.09122731793718379,0.07266789362139985,0.2649907611928787,0.24059867059976633,0.20081691745513644,0.04967465163647884,0.046563004773275865,0.033397099177000115,-0.08603151429079765,-0.007041342384315479,-1.468646717610615e-05,2.0973918886878394e-17,3.588817372728006e-17
aa_P,-0.7661363868483989,-0.01535557079574116,0.04863009707152483,0.22231961004441228,-0.2736382836235583,0.2125030427319419,-0.15433325484162477,-0.19790631954856885,0.00065477719425849,-0.08064121973563872,-0.01361009707483103,-0.252301376266545,-0.005904041444403006,0.010019893481431435,-0.13675810655774945,0.12101128176902877,-0.211854535548051,-0.061995042406011315,-0.13613273826052238,0.11521505116172794,-0.08286484043828257,0.021459205665139206,-1.3195028685663762e-05,7.488618260297978e-17,1.2813667991773917e-16
aa_Q,0.22077524891339123,0.273021160244831,-0.020249235143869237,0.6289547751377905,0.06254611544494589,0.03145465337331364,0.23609149682587804,-0.005747589593631423,0.40542425467369314,-0.2784567455441311,0.04821046956831077,-0.00818706660314539,-0.2506490642868007,-0.23241348022217206,-0.15148748130912956,-0.032376237562075846,0.08742564961879698,0.045502760989859524,0.13690604103924614,0.12090201703613666,0.07435805909932525,-0.0030387773222096365,-3.643192267849096e-05,2.0818615133546588e-17,3.562243568804561e-17
aa_R,-0.715945471604154,0.13374370691080265,-0.1882931679269937,-0.09980728302688717,0.002193138697540471,-0.294761745525371,0.002024442258892354,0.4423761537540945,0.12801481517042276,0.2752087275473566,-0.003032593621834376,-0.09985729294197358,-0.04953896409730722,-0.030402192147507133,-0.1276407389406479,-0.03974181729325429,0.040507030699500464,-0.06021782832348744,0.06754140870288916,-0.10373953194788527,-0.025862689295341034,-0.10300272194408087,5.1754202853769955e-05,5.1201748950771114e-17,8.761058300055903e-17
aa_S,-0.29841781478434876,0.10627434087527556,-0.49039196574001814,-0.3450327046144416,-0.1693102448914282,0.061064794367672655,0.253197119383522,-0.4344197662915309,0.1500198663259692,-0.07577839601797724,0.2788891727263415,0.23955042565160642,-0.08330184886914224,0.051534421422680464,0.13252496129189162,-0.1739602516945573,0.05048648476641287,-0.14900629102533228,0.10435275932772986,-0.04357930726669749,-0.09956332751556081,0.01760595572662244,1.8774660652852808e-05,4.0816549375021696e-17,6.984061599643659e-17
aa_T,0.09227173244812616,0.052047171243328,-0.5506233311163838,0.3055977833490955,-0.296186902898301,-0.1676080187146024,-0.16019006664664048,-0.043549353464699944,-0.4136919591652363,-0.4064588942870622,-0.13543445302530982,0.15055558359679033,0.03514181100711151,-0.04830995935615885,-0.07496718976647834,-0.09213031001985054,0.10272631078242513,0.10881558872309717,-0.1116421098883046,-0.17613793094969352,0.039218530479796766,-0.008166241078750308,4.390258766426921e-05,3.722831025292067e-17,6.370083116730977e-17
aa_V,0.1861763007340903,-0.5717526425798621,0.210492094677212,-0.1630433345333269,-0.13865856291105863,-0.3316587139592054,0.37747163527140415,-0.02338015596962242,-0.06697527524988668,-0.1609583577849581,-0.2589127823966119,0.01933787492630056,0.06351737852910423,0.37979848032888003,-0.1418697527656478,0.08725433867155373,0.007538095816576073,-0.06302196638134369,0.12451987752253753,0.06602099563268868,0.10570313402846233,0.010012237854776554,-2.8381932357011957e-05,3.849845995961607e-17,6.587416623070021e-17
aa_W,-0.032971580891170506,-0.41321270225165685,0.25440095333766255,-0.5043741625231377,-0.3343403086203162,0.1465190521285948,-0.2419153275143318,0.04758846247857332,-0.07445130765375794,-0.25620256087951193,0.142219411751573,-0.2222176439436871,0.24613954139616798,-0.27829339455389196,-0.014625595527038425,-0.1030802624774829,0.084030395688379,0.040649649057283195,0.1498833986960323,0.07580504917592538,0.04433368315814533,-0.012771893931051919,-1.8609608066166366e-05,-1.9369211620152988e-16,2.7312920838084937e-17
aa_Y,0.6434904295542827,-0.11048468902837168,-0.11352837437753353,-0.07306880897105276,-0.07911986823295798,0.29290559521114673,-0.12139923016931313,-0.10491519947346316,0.46573058226398567,0.18361705706067988,-0.25841058757885677,0.03674655014729157,0.09355282604333984,0.16008834167750965,-0.21724376685625676,-0.10140465444399019,0.08713168279217177,0.13021502899226628,-0.05660307135120302,-0.04820566483329607,-0.10344166690819488,-0.0022384623522017613,-3.9311700511629034e-05,-3.0276086329209825e-16,4.2692927591144015e-17
