claim,supporting_phase,supporting_result,evidence_type,evidence_strength,manuscript_safe_wording,overclaim_flag
Unsupervised clustering did not cleanly reproduce temporal expression classes.,Phase 11,"Across evaluated clustering configurations, temporal-class recovery was limited and varied across representations and linkage methods.","Unsupervised Clustering & Permutation Nulls (N=1,000)",High (Empirical Null Validation),"Across the evaluated clustering configurations, temporal-class recovery was limited and varied substantially across representations and linkage methods; no clustering configuration cleanly reproduced the three temporal classes.",RESOLVED_SAFE
Permutation tests evaluate temporal label association relative to null distributions.,Phase 11,"1,000 label permutations evaluated for empirical ARI/NMI across K=2..10.",Empirical Permutation Null Modeling,Moderate (Exploratory Assessment),Permutation testing was used to assess the observed association with the temporal labels relative to a label-permutation null distribution. These permutation results were treated as exploratory evidence rather than as independent confirmatory tests.,RESOLVED_SAFE
Inverse-frequency class weighting substantially improved minority-class recovery.,Phase 12 & Phase 14,Unweighted IE Recall = 0.000; Square-root IE Recall = 0.120; Inverse-frequency IE Recall = 0.800.,Repeated Stratified 5-Fold Cross-Validation,High (Leakage-Controlled CV),Inverse-frequency class weighting substantially improved minority-class recovery in the evaluated experiments.,RESOLVED_SAFE
ProtBERT and physicochemical representations exhibited distinct predictive behavior.,Phase 13,"44/74 unanimous agreement; 30/74 discordance (19 combined followed ProtBERT, 11 followed Physicochemical, 0 three-way divergence).",Out-of-Fold Modality Concordance Analysis,Moderate (Descriptive Agreement Mapping),ProtBERT and physicochemical representations exhibited distinct predictive behavior for proteins with different sequence characteristics. These disagreements indicate that the representation types provide partially distinct predictive information.,RESOLVED_SAFE
Equal-block multi-modal representation produces stable classification performance.,Phase 12 & Phase 14,Original seed Balanced Accuracy = 0.7586 +- 0.123 (seed-level 0.758 +- 0.020); Independent seed Balanced Accuracy = 0.754 +- 0.017.,Cross-Validation & Independent Seed Suite,High (Methodological Sensitivity Suite),The equal-block combined representation produced stable classification performance across the predefined evaluation and sensitivity analyses.,RESOLVED_SAFE
UL36 is a moderate-margin classification error in representation space.,"Phase 13, 14, 15","UL36 (3,139 aa, Late): frequent prediction Early, mean margin Delta_p = 0.333, Tier = Moderate-Margin Incorrect.",Out-of-Fold Error Analysis & Protein Geometry,Moderate (Geometric & Biological Context),"UL36 represented a computationally difficult case, potentially reflecting its extreme sequence length and complex protein architecture; this interpretation remains a hypothesis rather than a demonstrated causal mechanism.",RESOLVED_SAFE
US12 is a high-confidence computational misclassification.,"Phase 13, 15","US12 (88 aa, Immediate-Early): frequent prediction Late, mean margin Delta_p = 0.669, Tier = High-Confidence Incorrect.",Out-of-Fold Error Analysis,Moderate (Descriptive Error Profile),"US12 was a high-confidence computational misclassification despite its Immediate-Early annotation, illustrating that temporal expression class is not necessarily aligned with simple sequence-space similarity.",RESOLVED_SAFE
"Outlier exclusion is an analytical sensitivity test, not a dataset replacement.",Phase 14,Excluding geometric outliers adjusted Balanced Accuracy from 0.758 to 0.782.,Sensitivity Analysis,Moderate (Sensitivity Check),"Performance changed when label-independent geometric outliers were excluded, indicating that representation-space extremes influence classification behavior. Because these analyses alter the evaluated protein set, they are treated as sensitivity analyses rather than evidence that protein removal improves the primary model.",RESOLVED_SAFE
Biological contextualization provides hypotheses rather than causal mechanisms.,Phase 15,Peer-reviewed literature mapped to 11 difficult proteins without altering annotations or retraining.,Literature-Anchored Contextualization,Qualitative / Contextual,"Biological contextualization provides plausible interpretations for some difficult cases, but these interpretations do not establish causal mechanisms.",RESOLVED_SAFE
