representation,component,explained_variance,explained_variance_ratio,cumulative_explained_variance_ratio
Physicochemical,1,4.897747,0.193262,0.193262
Physicochemical,2,3.353984,0.132346,0.325609
Physicochemical,3,2.908436,0.114765,0.440374
Physicochemical,4,1.791444,0.070689,0.511064
Physicochemical,5,1.541313,0.060819,0.571883
Physicochemical,6,1.383867,0.054607,0.62649
Physicochemical,7,1.248374,0.04926,0.67575
Physicochemical,8,1.198142,0.047278,0.723028
Physicochemical,9,1.111047,0.043841,0.766869
Physicochemical,10,0.982934,0.038786,0.805655
Physicochemical,11,0.864963,0.034131,0.839786
Physicochemical,12,0.706808,0.02789,0.867676
Physicochemical,13,0.64035,0.025268,0.892944
Physicochemical,14,0.561698,0.022164,0.915109
Physicochemical,15,0.479712,0.018929,0.934038
Physicochemical,16,0.407369,0.016075,0.950112
Physicochemical,17,0.334041,0.013181,0.963293
Physicochemical,18,0.273803,0.010804,0.974097
Physicochemical,19,0.242825,0.009582,0.983679
Physicochemical,20,0.223098,0.008803,0.992482
Physicochemical,21,0.156349,0.006169,0.998652
Physicochemical,22,0.03405,0.001344,0.999996
Physicochemical,23,0.000114,4e-06,1.0
Physicochemical,24,0.0,0.0,1.0
Physicochemical,25,0.0,0.0,1.0
ProtBERT,1,1.189446,0.634931,0.634931
ProtBERT,2,0.136766,0.073006,0.707938
ProtBERT,3,0.078495,0.041901,0.749839
ProtBERT,4,0.074486,0.039761,0.789599
ProtBERT,5,0.051922,0.027716,0.817316
ProtBERT,6,0.045287,0.024175,0.84149
ProtBERT,7,0.036983,0.019742,0.861232
ProtBERT,8,0.027636,0.014752,0.875984
ProtBERT,9,0.025136,0.013418,0.889402
ProtBERT,10,0.017073,0.009114,0.898515
ProtBERT,11,0.016241,0.00867,0.907185
ProtBERT,12,0.014786,0.007893,0.915078
ProtBERT,13,0.01367,0.007297,0.922375
ProtBERT,14,0.012092,0.006455,0.92883
ProtBERT,15,0.01151,0.006144,0.934974
ProtBERT,16,0.008712,0.00465,0.939625
ProtBERT,17,0.008125,0.004337,0.943962
ProtBERT,18,0.008079,0.004313,0.948275
ProtBERT,19,0.006852,0.003658,0.951932
ProtBERT,20,0.006212,0.003316,0.955248
ProtBERT,21,0.005681,0.003033,0.958281
ProtBERT,22,0.005279,0.002818,0.961099
ProtBERT,23,0.004855,0.002592,0.96369
ProtBERT,24,0.004611,0.002461,0.966152
ProtBERT,25,0.004236,0.002261,0.968413
ProtBERT,26,0.003769,0.002012,0.970425
ProtBERT,27,0.003705,0.001978,0.972403
ProtBERT,28,0.003369,0.001798,0.974201
ProtBERT,29,0.003037,0.001621,0.975822
ProtBERT,30,0.002948,0.001574,0.977395
ProtBERT,31,0.002891,0.001543,0.978939
ProtBERT,32,0.002622,0.0014,0.980338
ProtBERT,33,0.002462,0.001314,0.981653
ProtBERT,34,0.002278,0.001216,0.982868
ProtBERT,35,0.002123,0.001133,0.984002
ProtBERT,36,0.002089,0.001115,0.985117
ProtBERT,37,0.002026,0.001081,0.986198
ProtBERT,38,0.001845,0.000985,0.987183
ProtBERT,39,0.001704,0.00091,0.988093
ProtBERT,40,0.001574,0.00084,0.988933
ProtBERT,41,0.001461,0.00078,0.989713
ProtBERT,42,0.001391,0.000742,0.990455
ProtBERT,43,0.001372,0.000733,0.991188
ProtBERT,44,0.001313,0.000701,0.991889
ProtBERT,45,0.001234,0.000659,0.992548
ProtBERT,46,0.001184,0.000632,0.99318
ProtBERT,47,0.001096,0.000585,0.993765
ProtBERT,48,0.00106,0.000566,0.994331
ProtBERT,49,0.000953,0.000509,0.99484
ProtBERT,50,0.000869,0.000464,0.995303
ProtBERT,51,0.000835,0.000446,0.995749
ProtBERT,52,0.000803,0.000429,0.996178
ProtBERT,53,0.00069,0.000369,0.996546
ProtBERT,54,0.000635,0.000339,0.996885
ProtBERT,55,0.000593,0.000317,0.997202
ProtBERT,56,0.00056,0.000299,0.997501
ProtBERT,57,0.000522,0.000279,0.99778
ProtBERT,58,0.000497,0.000265,0.998045
ProtBERT,59,0.00045,0.00024,0.998286
ProtBERT,60,0.000406,0.000217,0.998503
ProtBERT,61,0.000369,0.000197,0.998699
ProtBERT,62,0.000341,0.000182,0.998882
ProtBERT,63,0.000274,0.000146,0.999028
ProtBERT,64,0.00027,0.000144,0.999172
ProtBERT,65,0.000252,0.000135,0.999307
ProtBERT,66,0.000229,0.000122,0.999429
ProtBERT,67,0.000211,0.000113,0.999541
ProtBERT,68,0.000188,0.000101,0.999642
ProtBERT,69,0.000168,9e-05,0.999732
ProtBERT,70,0.000141,7.5e-05,0.999807
ProtBERT,71,0.000138,7.4e-05,0.99988
ProtBERT,72,0.000121,6.4e-05,0.999945
ProtBERT,73,0.000104,5.5e-05,1.0
ProtBERT,74,0.0,0.0,1.0
Combined,1,216.276107,0.203387,0.203387
Combined,2,110.897076,0.104288,0.307676
Combined,3,88.81698,0.083524,0.3912
Combined,4,70.420234,0.066224,0.457424
Combined,5,60.184347,0.056598,0.514021
Combined,6,49.455764,0.046509,0.56053
Combined,7,42.957448,0.040397,0.600927
Combined,8,38.862918,0.036547,0.637474
Combined,9,35.445246,0.033333,0.670807
Combined,10,26.885015,0.025283,0.69609
Combined,11,25.996405,0.024447,0.720537
Combined,12,23.79751,0.022379,0.742917
Combined,13,19.839246,0.018657,0.761573
Combined,14,17.448089,0.016408,0.777982
Combined,15,15.614605,0.014684,0.792666
Combined,16,14.53771,0.013671,0.806337
Combined,17,14.114147,0.013273,0.81961
Combined,18,13.04628,0.012269,0.831879
Combined,19,12.811749,0.012048,0.843927
Combined,20,10.038831,0.009441,0.853368
Combined,21,9.697743,0.00912,0.862488
Combined,22,8.981657,0.008446,0.870934
Combined,23,8.682715,0.008165,0.879099
Combined,24,8.228801,0.007738,0.886838
Combined,25,7.384115,0.006944,0.893782
Combined,26,7.250022,0.006818,0.9006
Combined,27,6.450336,0.006066,0.906666
Combined,28,6.251799,0.005879,0.912545
Combined,29,5.865922,0.005516,0.918061
Combined,30,5.301622,0.004986,0.923047
Combined,31,5.202791,0.004893,0.92794
Combined,32,4.935612,0.004641,0.932581
Combined,33,4.759482,0.004476,0.937057
Combined,34,4.321427,0.004064,0.941121
Combined,35,4.023922,0.003784,0.944905
Combined,36,3.99697,0.003759,0.948664
Combined,37,3.841203,0.003612,0.952276
Combined,38,3.52345,0.003313,0.95559
Combined,39,3.14058,0.002953,0.958543
Combined,40,2.990364,0.002812,0.961355
Combined,41,2.961468,0.002785,0.96414
Combined,42,2.719521,0.002557,0.966698
Combined,43,2.552498,0.0024,0.969098
Combined,44,2.452974,0.002307,0.971405
Combined,45,2.356323,0.002216,0.973621
Combined,46,2.223874,0.002091,0.975712
Combined,47,2.096311,0.001971,0.977684
Combined,48,1.922512,0.001808,0.979491
Combined,49,1.864116,0.001753,0.981245
Combined,50,1.741529,0.001638,0.982882
Combined,51,1.613803,0.001518,0.9844
Combined,52,1.546417,0.001454,0.985854
Combined,53,1.372436,0.001291,0.987145
Combined,54,1.314982,0.001237,0.988381
Combined,55,1.265211,0.00119,0.989571
Combined,56,1.165487,0.001096,0.990667
Combined,57,1.118691,0.001052,0.991719
Combined,58,1.015008,0.000955,0.992674
Combined,59,0.951723,0.000895,0.993569
Combined,60,0.897746,0.000844,0.994413
Combined,61,0.78264,0.000736,0.995149
Combined,62,0.775982,0.00073,0.995879
Combined,63,0.648246,0.00061,0.996488
Combined,64,0.510826,0.00048,0.996969
Combined,65,0.497832,0.000468,0.997437
Combined,66,0.493685,0.000464,0.997901
Combined,67,0.453867,0.000427,0.998328
Combined,68,0.379203,0.000357,0.998685
Combined,69,0.340687,0.00032,0.999005
Combined,70,0.30133,0.000283,0.999288
Combined,71,0.287689,0.000271,0.999559
Combined,72,0.242886,0.000228,0.999787
Combined,73,0.226121,0.000213,1.0
Combined,74,0.0,0.0,1.0
