protein_id,gene,product,true_class,representation,model,weighting,number_of_validation_predictions,number_correct,number_incorrect,accuracy_across_repeats,mean_probability_IE,mean_probability_Early,mean_probability_Late,max_predicted_probability,predicted_probability_margin,predicted_class_distribution,most_frequent_predicted_class,consistency_category
YP_009137073.1,RL1,neurovirulence protein ICP34.5,Late,Physicochemical,Logistic_Regression,Class_Balanced,5,0,5,0.0,0.7751351389359278,0.0002023545582853853,0.22466250650578684,0.7751351389359278,0.550472632430141,{'Immediate-Early': 5},Immediate-Early,Consistently_Misclassified
YP_009137074.1,RL2,ubiquitin E3 ligase ICP0,Immediate-Early,Physicochemical,Logistic_Regression,Class_Balanced,5,5,0,1.0,0.6068901956810893,0.19166911812981818,0.20144068618909258,0.6068901956810893,0.40544950949199665,{'Immediate-Early': 5},Immediate-Early,Consistently_Correct
YP_009137075.1,UL1,envelope glycoprotein L,Late,Physicochemical,Logistic_Regression,Class_Balanced,5,1,4,0.2,0.007649819259187479,0.5972490887936909,0.39510109194712156,0.5972490887936909,0.2021479968465693,"{'Early': 4, 'Late': 1}",Early,Frequently_Misclassified
YP_009137076.1,UL2,uracil-DNA glycosylase,Early,Physicochemical,Logistic_Regression,Class_Balanced,5,0,5,0.0,0.04947910105806336,0.12477453207771623,0.8257463668642204,0.8257463668642204,0.7009718347865042,{'Late': 5},Late,Consistently_Misclassified
YP_009137077.1,UL3,nuclear protein UL3,Late,Physicochemical,Logistic_Regression,Class_Balanced,5,0,5,0.0,0.01395437886199968,0.6880644055228418,0.29798121561515856,0.6880644055228418,0.3900831899076832,{'Early': 5},Early,Consistently_Misclassified
YP_009137078.1,UL4,nuclear protein UL4,Late,Physicochemical,Logistic_Regression,Class_Balanced,5,5,0,1.0,0.00176111160156148,0.17021631264439507,0.8280225757540431,0.8280225757540431,0.6578062631096481,{'Late': 5},Late,Consistently_Correct
YP_009137079.1,UL5,helicase-primase helicase subunit,Early,Physicochemical,Logistic_Regression,Class_Balanced,5,3,2,0.6,0.00018309679929874985,0.5369640505457026,0.46285285265499854,0.5369640505457026,0.07411119789070408,"{'Early': 3, 'Late': 2}",Early,Frequently_Correct
YP_009137080.1,UL6,capsid portal protein,Late,Physicochemical,Logistic_Regression,Class_Balanced,5,0,5,0.0,0.027482408941141255,0.7511687828206997,0.2213488082381589,0.7511687828206997,0.5298199745825407,{'Early': 5},Early,Consistently_Misclassified
YP_009137081.1,UL7,tegument protein UL7,Late,Physicochemical,Logistic_Regression,Class_Balanced,5,3,2,0.6,0.0003176395034113085,0.3440839540780783,0.6555984064185104,0.6555984064185104,0.3115144523404321,"{'Late': 3, 'Early': 2}",Late,Frequently_Correct
YP_009137082.1,UL8,helicase-primase subunit,Early,Physicochemical,Logistic_Regression,Class_Balanced,5,0,5,0.0,0.00324623591997888,0.05837506585821939,0.9383786982218016,0.9383786982218016,0.8800036323635823,{'Late': 5},Late,Consistently_Misclassified
YP_009137083.1,UL9,DNA replication origin-binding helicase,Early,Physicochemical,Logistic_Regression,Class_Balanced,5,0,5,0.0,0.00093239394611794,0.1913479581286962,0.8077196479251857,0.8077196479251857,0.6163716897964895,{'Late': 5},Late,Consistently_Misclassified
YP_009137084.1,UL10,envelope glycoprotein M,Late,Physicochemical,Logistic_Regression,Class_Balanced,5,5,0,1.0,4.5887013020422804e-07,0.0061472235024516795,0.9938523176274181,0.9938523176274181,0.9877050941249664,{'Late': 5},Late,Consistently_Correct
YP_009137085.1,UL11,myristylated tegument protein,Late,Physicochemical,Logistic_Regression,Class_Balanced,5,0,5,0.0,0.9346007353233288,0.061437938241081846,0.0039613264355891,0.9346007353233288,0.8731627970822469,{'Immediate-Early': 5},Immediate-Early,Consistently_Misclassified
YP_009137086.1,UL12,deoxyribonuclease,Early,Physicochemical,Logistic_Regression,Class_Balanced,5,3,2,0.6,0.11337111889359133,0.4852153484298262,0.4014135326765825,0.4852153484298262,0.08380181575324375,"{'Early': 3, 'Late': 2}",Early,Frequently_Correct
YP_009137087.1,UL13,tegument serine/threonine protein kinase,Early,Physicochemical,Logistic_Regression,Class_Balanced,5,0,5,0.0,5.47896523811136e-05,0.2619336347253814,0.7380115756222375,0.7380115756222375,0.4760779408968561,{'Late': 5},Late,Consistently_Misclassified
YP_009137088.1,UL14,tegument protein UL14,Late,Physicochemical,Logistic_Regression,Class_Balanced,5,1,4,0.2,0.5830947674435514,0.06289826444736624,0.35400696810908233,0.5830947674435514,0.22908779933446904,"{'Immediate-Early': 4, 'Late': 1}",Immediate-Early,Frequently_Misclassified
YP_009137089.1,UL15,DNA packaging terminase subunit 1,Late,Physicochemical,Logistic_Regression,Class_Balanced,5,0,5,0.0,1.5421262917874457e-05,0.9130748471388301,0.08690973159825202,0.9130748471388301,0.8261651155405781,{'Early': 5},Early,Consistently_Misclassified
YP_009137090.1,UL16,tegument protein UL16,Late,Physicochemical,Logistic_Regression,Class_Balanced,5,4,1,0.8,0.006475033346236521,0.37036449571318025,0.6231604709405831,0.6231604709405831,0.2527959752274029,"{'Late': 4, 'Early': 1}",Late,Consistently_Correct
YP_009137091.1,UL17,DNA packaging tegument protein UL17,Late,Physicochemical,Logistic_Regression,Class_Balanced,5,5,0,1.0,0.00502863964419462,0.1944530620634794,0.8005182982923259,0.8005182982923259,0.6060652362288466,{'Late': 5},Late,Consistently_Correct
YP_009137092.1,UL18,capsid triplex subunit 2,Late,Physicochemical,Logistic_Regression,Class_Balanced,5,2,3,0.4,0.005988163470539,0.5424030404466242,0.45160879608283677,0.5424030404466242,0.09079424436378747,"{'Early': 3, 'Late': 2}",Early,Frequently_Misclassified
YP_009137093.1,UL19,major capsid protein,Late,Physicochemical,Logistic_Regression,Class_Balanced,5,1,4,0.2,0.0008360176380366199,0.724582725609901,0.27458125675206213,0.724582725609901,0.45000146885783887,"{'Early': 4, 'Late': 1}",Early,Frequently_Misclassified
YP_009137094.1,UL20,envelope protein UL20,Late,Physicochemical,Logistic_Regression,Class_Balanced,5,1,4,0.2,1.4576657967279579e-05,0.7997136867772524,0.2002717365647802,0.7997136867772524,0.5994419502124722,"{'Early': 4, 'Late': 1}",Early,Frequently_Misclassified
YP_009137095.1,UL21,tegument protein UL21,Late,Physicochemical,Logistic_Regression,Class_Balanced,5,4,1,0.8,0.00145669468155596,0.2244382081989158,0.7741050971195281,0.7741050971195281,0.5496668889206123,"{'Late': 4, 'Early': 1}",Late,Consistently_Correct
YP_009137096.1,UL22,envelope glycoprotein H,Late,Physicochemical,Logistic_Regression,Class_Balanced,5,2,3,0.4,0.0010181274290232399,0.5598124055879159,0.4391694669830607,0.5598124055879159,0.1206429386048552,"{'Early': 3, 'Late': 2}",Early,Frequently_Misclassified
YP_009137097.1,UL23,involved in nucleotide metabolism,Early,Physicochemical,Logistic_Regression,Class_Balanced,5,0,5,0.0,0.0005578896480093999,0.00110138121898986,0.9983407291330006,0.9983407291330006,0.9972393479140108,{'Late': 5},Late,Consistently_Misclassified
YP_009137098.1,UL24,nuclear protein UL24,Late,Physicochemical,Logistic_Regression,Class_Balanced,5,4,1,0.8,0.00428337440773074,0.23281409145914886,0.7629025341331201,0.7629025341331201,0.5300884426739713,"{'Late': 4, 'Early': 1}",Late,Consistently_Correct
YP_009137099.1,UL25,DNA packaging tegument protein UL25,Late,Physicochemical,Logistic_Regression,Class_Balanced,5,0,5,0.0,0.0036281239356472593,0.7565129036454084,0.23985897241894433,0.7565129036454084,0.516653931226464,{'Early': 5},Early,Consistently_Misclassified
YP_009137100.1,UL26,capsid maturation protease,Late,Physicochemical,Logistic_Regression,Class_Balanced,5,5,0,1.0,0.01485759442665098,0.030511358709807,0.954631046863542,0.954631046863542,0.924119688153735,{'Late': 5},Late,Consistently_Correct
YP_009137101.1,UL26.5,capsid scaffold protein,Late,Physicochemical,Logistic_Regression,Class_Balanced,5,5,0,1.0,0.002417934687636355,0.03413738321344204,0.9634446820989216,0.9634446820989216,0.9293072988854796,{'Late': 5},Late,Consistently_Correct
YP_009137102.1,UL27,envelope glycoprotein B,Late,Physicochemical,Logistic_Regression,Class_Balanced,5,0,5,0.0,0.0019205544496333198,0.8798744910634066,0.11820495448695997,0.8798744910634066,0.7616695365764466,{'Early': 5},Early,Consistently_Misclassified
YP_009137103.1,UL28,DNA packaging terminase subunit 2,Late,Physicochemical,Logistic_Regression,Class_Balanced,5,5,0,1.0,0.0206789154035362,0.2731580868915273,0.7061629977049364,0.7061629977049364,0.4330049108134091,{'Late': 5},Late,Consistently_Correct
YP_009137104.1,UL29,single-stranded DNA-binding protein,Early,Physicochemical,Logistic_Regression,Class_Balanced,5,5,0,1.0,0.00452008768013482,0.9111510131731773,0.08432889914668766,0.9111510131731773,0.8268221140264896,{'Early': 5},Early,Consistently_Correct
YP_009137105.1,UL30,DNA polymerase catalytic subunit,Early,Physicochemical,Logistic_Regression,Class_Balanced,5,5,0,1.0,0.0029990092837510205,0.8333440974887149,0.1636568932275341,0.8333440974887149,0.6696872042611808,{'Early': 5},Early,Consistently_Correct
YP_009137106.1,UL31,nuclear egress lamina protein,Late,Physicochemical,Logistic_Regression,Class_Balanced,5,5,0,1.0,0.0002109553547638499,0.25553209684270073,0.7442569478025354,0.7442569478025354,0.48872485095983464,{'Late': 5},Late,Consistently_Correct
YP_009137107.1,UL32,DNA packaging protein UL32,Late,Physicochemical,Logistic_Regression,Class_Balanced,5,4,1,0.8,0.00788163716573558,0.4751130540746784,0.5170053087595858,0.5170053087595858,0.041892254684907426,"{'Late': 4, 'Early': 1}",Late,Consistently_Correct
YP_009137108.1,UL33,DNA packaging protein UL33,Late,Physicochemical,Logistic_Regression,Class_Balanced,5,5,0,1.0,0.025278255781075742,0.2123233904186264,0.7623983538002977,0.7623983538002977,0.5500749633816713,{'Late': 5},Late,Consistently_Correct
YP_009137109.1,UL34,nuclear egress membrane protein,Late,Physicochemical,Logistic_Regression,Class_Balanced,5,3,2,0.6,0.033324008683361,0.4041477563837713,0.5625282349328675,0.5625282349328675,0.1583804785490962,"{'Late': 3, 'Early': 2}",Late,Frequently_Correct
YP_009137110.1,UL35,small capsid protein,Late,Physicochemical,Logistic_Regression,Class_Balanced,5,2,3,0.4,2.9270567077030176e-05,0.5452993877253024,0.4546713417076205,0.5452993877253024,0.09062804601768187,"{'Early': 3, 'Late': 2}",Early,Frequently_Misclassified
YP_009137111.1,UL36,large tegument protein,Late,Physicochemical,Logistic_Regression,Class_Balanced,5,0,5,0.0,0.28382824203875057,0.7161079776298346,6.378033141482069e-05,0.7161079776298346,0.432279735591084,"{'Early': 4, 'Immediate-Early': 1}",Early,Consistently_Misclassified
YP_009137112.1,UL37,tegument protein UL37,Late,Physicochemical,Logistic_Regression,Class_Balanced,5,5,0,1.0,0.0020055175639277197,0.1832617032764332,0.814732779159639,0.814732779159639,0.6314710758832058,{'Late': 5},Late,Consistently_Correct
YP_009137113.1,UL38,capsid triplex subunit 1,Late,Physicochemical,Logistic_Regression,Class_Balanced,5,5,0,1.0,0.005789963251257401,0.07855397943279371,0.9156560573159489,0.9156560573159489,0.8371020778831552,{'Late': 5},Late,Consistently_Correct
YP_009137114.1,UL39,ribonucleotide reductase subunit 1,Early,Physicochemical,Logistic_Regression,Class_Balanced,5,5,0,1.0,0.03182108883502852,0.852022183013761,0.11615672815121028,0.852022183013761,0.7358654548625507,{'Early': 5},Early,Consistently_Correct
YP_009137115.1,UL40,ribonucleotide reductase subunit 2,Early,Physicochemical,Logistic_Regression,Class_Balanced,5,4,1,0.8,0.0009862035843819599,0.8014529473118296,0.1975608491037883,0.8014529473118296,0.6038920982080414,"{'Early': 4, 'Late': 1}",Early,Consistently_Correct
YP_009137116.1,UL41,tegument host shutoff protein,Late,Physicochemical,Logistic_Regression,Class_Balanced,5,1,4,0.2,0.0022189037477187,0.6546386681888421,0.343142428063439,0.6546386681888421,0.3114962401254031,"{'Early': 4, 'Late': 1}",Early,Frequently_Misclassified
YP_009137117.1,UL42,DNA polymerase processivity subunit,Early,Physicochemical,Logistic_Regression,Class_Balanced,5,0,5,0.0,0.046942355068203455,0.27291406206873214,0.6801435828630642,0.6801435828630642,0.40722952079433206,{'Late': 5},Late,Consistently_Misclassified
YP_009137118.1,UL43,envelope protein UL43,Late,Physicochemical,Logistic_Regression,Class_Balanced,5,4,1,0.8,0.00153814820878318,0.2832981126459724,0.7151637391452443,0.7151637391452443,0.43186562649927196,"{'Late': 4, 'Early': 1}",Late,Consistently_Correct
YP_009137119.1,UL44,envelope glycoprotein C,Late,Physicochemical,Logistic_Regression,Class_Balanced,5,5,0,1.0,0.0020747808057354203,0.2412701862356998,0.7566550329585646,0.7566550329585646,0.5153848467228648,{'Late': 5},Late,Consistently_Correct
YP_009137120.1,UL45,membrane protein UL45,Late,Physicochemical,Logistic_Regression,Class_Balanced,5,3,2,0.6,0.02685215208121246,0.42913009360596377,0.5440177543128237,0.5440177543128237,0.11488766070685996,"{'Late': 3, 'Early': 2}",Late,Frequently_Correct
YP_009137121.1,UL46,tegument protein VP11/12,Late,Physicochemical,Logistic_Regression,Class_Balanced,5,4,1,0.8,0.07989488479316315,0.3160650039195558,0.6040401112872811,0.6040401112872811,0.2879751073677253,"{'Late': 4, 'Early': 1}",Late,Consistently_Correct
YP_009137122.1,UL47,tegument protein VP13/14,Late,Physicochemical,Logistic_Regression,Class_Balanced,5,5,0,1.0,0.02188865415963554,0.07425244353271121,0.9038589023076533,0.9038589023076533,0.8296064587749421,{'Late': 5},Late,Consistently_Correct
YP_009137123.1,UL48,transactivating tegument protein VP16,Late,Physicochemical,Logistic_Regression,Class_Balanced,5,4,1,0.8,0.2039346940951466,0.22613983316413466,0.5699254727407187,0.5699254727407187,0.34378563957658403,"{'Late': 4, 'Early': 1}",Late,Consistently_Correct
YP_009137124.1,UL49,tegument protein VP22,Late,Physicochemical,Logistic_Regression,Class_Balanced,5,4,1,0.8,0.2672668300079383,0.0048187327249169,0.7279144372671447,0.7279144372671447,0.46064760725920634,"{'Late': 4, 'Immediate-Early': 1}",Late,Consistently_Correct
YP_009137125.1,UL49A,envelope glycoprotein N,Late,Physicochemical,Logistic_Regression,Class_Balanced,5,5,0,1.0,0.043694019358083105,0.019444914022652537,0.9368610666192643,0.9368610666192643,0.8931670472611811,{'Late': 5},Late,Consistently_Correct
YP_009137126.1,UL50,deoxyuridine triphosphatase,Early,Physicochemical,Logistic_Regression,Class_Balanced,5,2,3,0.4,0.01484974189803972,0.4143779988221121,0.5707722592798481,0.5707722592798481,0.15639426045773597,"{'Late': 3, 'Early': 2}",Late,Frequently_Misclassified
YP_009137127.1,UL51,tegument protein UL51,Late,Physicochemical,Logistic_Regression,Class_Balanced,5,3,2,0.6,0.3292251160104288,0.23604273971998557,0.4347321442695856,0.4347321442695856,0.10550702825915681,"{'Late': 3, 'Early': 1, 'Immediate-Early': 1}",Late,Frequently_Correct
YP_009137128.1,UL52,helicase-primase primase subunit,Early,Physicochemical,Logistic_Regression,Class_Balanced,5,0,5,0.0,0.0019454284520728602,0.27975734666071966,0.7182972248872073,0.7182972248872073,0.4385398782264876,{'Late': 5},Late,Consistently_Misclassified
YP_009137129.1,UL53,envelope glycoprotein K,Late,Physicochemical,Logistic_Regression,Class_Balanced,5,5,0,1.0,9.969215361256289e-07,0.20461202635207293,0.7953869767263908,0.7953869767263908,0.5907749503743178,{'Late': 5},Late,Consistently_Correct
YP_009137130.1,UL54,multifunctional expression regulator,Immediate-Early,Physicochemical,Logistic_Regression,Class_Balanced,5,3,2,0.6,0.44575545873005484,0.4178789730017849,0.1363655682681601,0.44575545873005484,0.02787648572826995,"{'Immediate-Early': 3, 'Early': 2}",Immediate-Early,Frequently_Correct
YP_009137131.1,UL55,nuclear protein UL55,Late,Physicochemical,Logistic_Regression,Class_Balanced,5,1,4,0.2,6.252964747781272e-05,0.7156191147311112,0.28431835562141095,0.7156191147311112,0.4313007591097002,"{'Early': 4, 'Late': 1}",Early,Frequently_Misclassified
YP_009137132.1,UL56,membrane protein UL56,Late,Physicochemical,Logistic_Regression,Class_Balanced,5,5,0,1.0,0.02448299638718916,0.01870481944373838,0.9568121841690724,0.9568121841690724,0.9323291877818832,{'Late': 5},Late,Consistently_Correct
YP_009137135.1,RS1,transcriptional regulator ICP4,Immediate-Early,Physicochemical,Logistic_Regression,Class_Balanced,5,5,0,1.0,0.9646159791695723,0.02330736209894742,0.0120766587314801,0.9646159791695723,0.9413086170706249,{'Immediate-Early': 5},Immediate-Early,Consistently_Correct
YP_009137136.1,US1,regulatory protein ICP22,Immediate-Early,Physicochemical,Logistic_Regression,Class_Balanced,5,5,0,1.0,0.8659754468758211,0.03577534753807564,0.09824920558610326,0.8659754468758211,0.7677262412897178,{'Immediate-Early': 5},Immediate-Early,Consistently_Correct
YP_009137137.1,US2,virion protein US2,Late,Physicochemical,Logistic_Regression,Class_Balanced,5,5,0,1.0,0.00030643395367178005,0.0323284209529134,0.9673651450934149,0.9673651450934149,0.9350367241405014,{'Late': 5},Late,Consistently_Correct
YP_009137138.1,US3,serine/threonine protein kinase US3,Early,Physicochemical,Logistic_Regression,Class_Balanced,5,4,1,0.8,0.09411872965612877,0.4691743010166406,0.4367069693272305,0.4691743010166406,0.03246733168941007,"{'Early': 4, 'Late': 1}",Early,Consistently_Correct
YP_009137139.1,US4,envelope glycoprotein G,Late,Physicochemical,Logistic_Regression,Class_Balanced,5,0,5,0.0,0.1198587036287044,0.6774940669337647,0.20264722943753086,0.6774940669337647,0.4748468374962338,{'Early': 5},Early,Consistently_Misclassified
YP_009137140.1,US5,envelope glycoprotein J,Late,Physicochemical,Logistic_Regression,Class_Balanced,5,4,1,0.8,0.00017582060822100325,0.1830640968702384,0.8167600825215405,0.8167600825215405,0.6336959856513021,"{'Late': 4, 'Early': 1}",Late,Consistently_Correct
YP_009137141.1,US6,envelope glycoprotein D,Late,Physicochemical,Logistic_Regression,Class_Balanced,5,1,4,0.2,0.00112819483497836,0.7598440256375645,0.23902777952745718,0.7598440256375645,0.5208162461101074,"{'Early': 4, 'Late': 1}",Early,Frequently_Misclassified
YP_009137142.1,US7,envelope glycoprotein I,Late,Physicochemical,Logistic_Regression,Class_Balanced,5,5,0,1.0,9.730541087389627e-05,0.0244459163660704,0.9754567782230555,0.9754567782230555,0.9510108618569851,{'Late': 5},Late,Consistently_Correct
YP_009137143.1,US8,envelope glycoprotein E,Late,Physicochemical,Logistic_Regression,Class_Balanced,5,4,1,0.8,0.021368357791828625,0.3615355292259382,0.6170961129822331,0.6170961129822331,0.2555605837562949,"{'Late': 4, 'Early': 1}",Late,Consistently_Correct
YP_009137144.1,US8A,membrane protein US8A,Late,Physicochemical,Logistic_Regression,Class_Balanced,5,5,0,1.0,0.04708764757673384,0.04605682934853504,0.906855523074731,0.906855523074731,0.8597678754979972,{'Late': 5},Late,Consistently_Correct
YP_009137145.1,US9,membrane protein US9,Late,Physicochemical,Logistic_Regression,Class_Balanced,5,5,0,1.0,0.10047390002088892,0.02371147629310396,0.8758146236860072,0.8758146236860072,0.7753407236651182,{'Late': 5},Late,Consistently_Correct
YP_009137146.1,US10,virion protein US10,Late,Physicochemical,Logistic_Regression,Class_Balanced,5,4,1,0.8,0.00014932499174041654,0.22221034368652295,0.7776403313217366,0.7776403313217366,0.5554299876352137,"{'Late': 4, 'Early': 1}",Late,Consistently_Correct
YP_009137147.1,US11,tegument protein US11,Late,Physicochemical,Logistic_Regression,Class_Balanced,5,5,0,1.0,0.16145104329808863,1.8120718241692574e-05,0.8385308359836696,0.8385308359836696,0.6770797926855809,{'Late': 5},Late,Consistently_Correct
YP_009137148.1,US12,TAP transporter inhibitor ICP47,Immediate-Early,Physicochemical,Logistic_Regression,Class_Balanced,5,0,5,0.0,0.0874438607075608,0.07863048278795781,0.8339256565044814,0.8339256565044814,0.7464817957969205,{'Late': 5},Late,Consistently_Misclassified
YP_009137073.1,RL1,neurovirulence protein ICP34.5,Late,ProtBERT,Logistic_Regression,Class_Balanced,5,0,5,0.0,0.8909189701080322,0.02334871403872964,0.08573237806558603,0.8909189701080322,0.8051865920424461,{'Immediate-Early': 5},Immediate-Early,Consistently_Misclassified
YP_009137074.1,RL2,ubiquitin E3 ligase ICP0,Immediate-Early,ProtBERT,Logistic_Regression,Class_Balanced,5,1,4,0.2,0.3987616956233978,0.13788887560367583,0.46334943175315857,0.46334943175315857,0.06458773612976076,"{'Late': 4, 'Immediate-Early': 1}",Late,Frequently_Misclassified
YP_009137075.1,UL1,envelope glycoprotein L,Late,ProtBERT,Logistic_Regression,Class_Balanced,5,5,0,1.0,0.17916258275508876,0.172747391462326,0.6480899810791015,0.6480899810791015,0.46892739832401276,{'Late': 5},Late,Consistently_Correct
YP_009137076.1,UL2,uracil-DNA glycosylase,Early,ProtBERT,Logistic_Regression,Class_Balanced,5,5,0,1.0,0.1838739424943924,0.616432523727417,0.1996935337781906,0.616432523727417,0.41673898994922637,{'Early': 5},Early,Consistently_Correct
YP_009137077.1,UL3,nuclear protein UL3,Late,ProtBERT,Logistic_Regression,Class_Balanced,5,4,1,0.8,0.3581561207771301,0.13918038159608834,0.502663505077362,0.502663505077362,0.1445073843002319,"{'Late': 4, 'Immediate-Early': 1}",Late,Consistently_Correct
YP_009137078.1,UL4,nuclear protein UL4,Late,ProtBERT,Logistic_Regression,Class_Balanced,5,5,0,1.0,0.2389397293329239,0.24331801533699032,0.517742270231247,0.517742270231247,0.27442425489425665,{'Late': 5},Late,Consistently_Correct
YP_009137079.1,UL5,helicase-primase helicase subunit,Early,ProtBERT,Logistic_Regression,Class_Balanced,5,2,3,0.4,0.06863087713718412,0.4848305344581604,0.4465385913848877,0.4848305344581604,0.03829194307327266,"{'Late': 3, 'Early': 2}",Late,Frequently_Misclassified
YP_009137080.1,UL6,capsid portal protein,Late,ProtBERT,Logistic_Regression,Class_Balanced,5,5,0,1.0,0.2744333505630493,0.2887587934732437,0.4368078649044037,0.4368078649044037,0.14804907143116003,{'Late': 5},Late,Consistently_Correct
YP_009137081.1,UL7,tegument protein UL7,Late,ProtBERT,Logistic_Regression,Class_Balanced,5,5,0,1.0,0.15613272339105602,0.34639335870742793,0.49747390747070314,0.49747390747070314,0.1510805487632752,{'Late': 5},Late,Consistently_Correct
YP_009137082.1,UL8,helicase-primase subunit,Early,ProtBERT,Logistic_Regression,Class_Balanced,5,0,5,0.0,0.2646014988422393,0.2044368326663971,0.530961674451828,0.530961674451828,0.26636017560958863,{'Late': 5},Late,Consistently_Misclassified
YP_009137083.1,UL9,DNA replication origin-binding helicase,Early,ProtBERT,Logistic_Regression,Class_Balanced,5,5,0,1.0,0.03375537693500514,0.7788999438285827,0.18734467327594756,0.7788999438285827,0.5915552705526352,{'Early': 5},Early,Consistently_Correct
YP_009137084.1,UL10,envelope glycoprotein M,Late,ProtBERT,Logistic_Regression,Class_Balanced,5,5,0,1.0,0.10751970261335371,0.13162291198968887,0.7608573913574219,0.7608573913574219,0.629234479367733,{'Late': 5},Late,Consistently_Correct
YP_009137085.1,UL11,myristylated tegument protein,Late,ProtBERT,Logistic_Regression,Class_Balanced,5,2,3,0.4,0.5206653594970703,0.09296661019325254,0.38636803030967715,0.5206653594970703,0.13429732918739312,"{'Immediate-Early': 3, 'Late': 2}",Immediate-Early,Frequently_Misclassified
YP_009137086.1,UL12,deoxyribonuclease,Early,ProtBERT,Logistic_Regression,Class_Balanced,5,5,0,1.0,0.0913308888673782,0.6782320022583008,0.23043711781501766,0.6782320022583008,0.4477948844432832,{'Early': 5},Early,Consistently_Correct
YP_009137087.1,UL13,tegument serine/threonine protein kinase,Early,ProtBERT,Logistic_Regression,Class_Balanced,5,1,4,0.2,0.09634284228086466,0.42868937849998473,0.4749677538871765,0.4749677538871765,0.04627837538719176,"{'Late': 4, 'Early': 1}",Late,Frequently_Misclassified
YP_009137088.1,UL14,tegument protein UL14,Late,ProtBERT,Logistic_Regression,Class_Balanced,5,1,4,0.2,0.47190876603126525,0.13971842080354688,0.388372802734375,0.47190876603126525,0.08353596329689023,"{'Immediate-Early': 4, 'Late': 1}",Immediate-Early,Frequently_Misclassified
YP_009137089.1,UL15,DNA packaging terminase subunit 1,Late,ProtBERT,Logistic_Regression,Class_Balanced,5,0,5,0.0,0.014071362093090959,0.9336737871170044,0.052254816144704765,0.9336737871170044,0.8814189709722997,{'Early': 5},Early,Consistently_Misclassified
YP_009137090.1,UL16,tegument protein UL16,Late,ProtBERT,Logistic_Regression,Class_Balanced,5,5,0,1.0,0.4025920987129211,0.04622009545564646,0.551187789440155,0.551187789440155,0.1485956907272339,{'Late': 5},Late,Consistently_Correct
YP_009137091.1,UL17,DNA packaging tegument protein UL17,Late,ProtBERT,Logistic_Regression,Class_Balanced,5,3,2,0.6,0.38461191654205323,0.1892844974994659,0.42610361576080324,0.42610361576080324,0.04149169921875001,"{'Late': 3, 'Immediate-Early': 2}",Late,Frequently_Correct
YP_009137092.1,UL18,capsid triplex subunit 2,Late,ProtBERT,Logistic_Regression,Class_Balanced,5,5,0,1.0,0.18655111193656915,0.21704757809638972,0.5964012980461121,0.5964012980461121,0.37935371994972233,{'Late': 5},Late,Consistently_Correct
YP_009137093.1,UL19,major capsid protein,Late,ProtBERT,Logistic_Regression,Class_Balanced,5,5,0,1.0,0.1575089186429977,0.25811432003974916,0.5843767642974853,0.5843767642974853,0.32626244425773615,{'Late': 5},Late,Consistently_Correct
YP_009137094.1,UL20,envelope protein UL20,Late,ProtBERT,Logistic_Regression,Class_Balanced,5,5,0,1.0,0.08733645975589747,0.23278820216655732,0.679875373840332,0.679875373840332,0.4470871716737747,{'Late': 5},Late,Consistently_Correct
YP_009137095.1,UL21,tegument protein UL21,Late,ProtBERT,Logistic_Regression,Class_Balanced,5,5,0,1.0,0.20550282001495357,0.26419310867786405,0.5303040683269501,0.5303040683269501,0.26611095964908604,{'Late': 5},Late,Consistently_Correct
YP_009137096.1,UL22,envelope glycoprotein H,Late,ProtBERT,Logistic_Regression,Class_Balanced,5,5,0,1.0,0.12876727133989332,0.21500292122364045,0.6562298178672791,0.6562298178672791,0.4412268966436386,{'Late': 5},Late,Consistently_Correct
YP_009137097.1,UL23,involved in nucleotide metabolism,Early,ProtBERT,Logistic_Regression,Class_Balanced,5,5,0,1.0,0.006106679025106079,0.926088523864746,0.06780480816960328,0.926088523864746,0.8582837156951427,{'Early': 5},Early,Consistently_Correct
YP_009137098.1,UL24,nuclear protein UL24,Late,ProtBERT,Logistic_Regression,Class_Balanced,5,0,5,0.0,0.09238910079002377,0.7072059035301208,0.20040500164031982,0.7072059035301208,0.506800901889801,{'Early': 5},Early,Consistently_Misclassified
YP_009137099.1,UL25,DNA packaging tegument protein UL25,Late,ProtBERT,Logistic_Regression,Class_Balanced,5,5,0,1.0,0.20547341406345362,0.2890968769788742,0.5054297268390655,0.5054297268390655,0.2163328498601913,{'Late': 5},Late,Consistently_Correct
YP_009137100.1,UL26,capsid maturation protease,Late,ProtBERT,Logistic_Regression,Class_Balanced,5,4,1,0.8,0.3932772994041443,0.15608388483524313,0.4506388306617737,0.4506388306617737,0.05736153125762938,"{'Late': 4, 'Immediate-Early': 1}",Late,Consistently_Correct
YP_009137101.1,UL26.5,capsid scaffold protein,Late,ProtBERT,Logistic_Regression,Class_Balanced,5,1,4,0.2,0.512103533744812,0.0883316650986671,0.39956478476524354,0.512103533744812,0.11253874897956845,"{'Immediate-Early': 4, 'Late': 1}",Immediate-Early,Frequently_Misclassified
YP_009137102.1,UL27,envelope glycoprotein B,Late,ProtBERT,Logistic_Regression,Class_Balanced,5,5,0,1.0,0.11756345182657238,0.349340558052063,0.5330959916114807,0.5330959916114807,0.1837554335594177,{'Late': 5},Late,Consistently_Correct
YP_009137103.1,UL28,DNA packaging terminase subunit 2,Late,ProtBERT,Logistic_Regression,Class_Balanced,5,4,1,0.8,0.29283443093299866,0.27804074883461,0.42912482023239135,0.42912482023239135,0.1362903892993927,"{'Late': 4, 'Immediate-Early': 1}",Late,Consistently_Correct
YP_009137104.1,UL29,single-stranded DNA-binding protein,Early,ProtBERT,Logistic_Regression,Class_Balanced,5,0,5,0.0,0.15110139697790143,0.28367135822772976,0.565227210521698,0.565227210521698,0.28155585229396823,{'Late': 5},Late,Consistently_Misclassified
YP_009137105.1,UL30,DNA polymerase catalytic subunit,Early,ProtBERT,Logistic_Regression,Class_Balanced,5,5,0,1.0,0.018555692769587,0.900669801235199,0.08077446445822713,0.900669801235199,0.8198953367769719,{'Early': 5},Early,Consistently_Correct
YP_009137106.1,UL31,nuclear egress lamina protein,Late,ProtBERT,Logistic_Regression,Class_Balanced,5,5,0,1.0,0.18897252678871151,0.2775017023086548,0.5335257768630981,0.5335257768630981,0.2560240745544433,{'Late': 5},Late,Consistently_Correct
YP_009137107.1,UL32,DNA packaging protein UL32,Late,ProtBERT,Logistic_Regression,Class_Balanced,5,5,0,1.0,0.23307067453861233,0.30739891827106475,0.45953038334846497,0.45953038334846497,0.15213146507740022,{'Late': 5},Late,Consistently_Correct
YP_009137108.1,UL33,DNA packaging protein UL33,Late,ProtBERT,Logistic_Regression,Class_Balanced,5,4,1,0.8,0.3808598697185516,0.2164323389530182,0.40270777344703673,0.40270777344703673,0.021847903728485107,"{'Late': 4, 'Immediate-Early': 1}",Late,Consistently_Correct
YP_009137109.1,UL34,nuclear egress membrane protein,Late,ProtBERT,Logistic_Regression,Class_Balanced,5,5,0,1.0,0.30548676848411555,0.15419506132602687,0.5403181731700897,0.5403181731700897,0.23483140468597413,{'Late': 5},Late,Consistently_Correct
YP_009137110.1,UL35,small capsid protein,Late,ProtBERT,Logistic_Regression,Class_Balanced,5,5,0,1.0,0.26562024652957916,0.16232037246227257,0.5720593690872192,0.5720593690872192,0.30643912255764005,{'Late': 5},Late,Consistently_Correct
YP_009137111.1,UL36,large tegument protein,Late,ProtBERT,Logistic_Regression,Class_Balanced,5,5,0,1.0,0.34015665054321287,0.2069941818714142,0.45284914374351504,0.45284914374351504,0.11269249320030217,{'Late': 5},Late,Consistently_Correct
YP_009137112.1,UL37,tegument protein UL37,Late,ProtBERT,Logistic_Regression,Class_Balanced,5,5,0,1.0,0.17142642736434932,0.22822612226009364,0.6003474473953248,0.6003474473953248,0.3721213251352311,{'Late': 5},Late,Consistently_Correct
YP_009137113.1,UL38,capsid triplex subunit 1,Late,ProtBERT,Logistic_Regression,Class_Balanced,5,5,0,1.0,0.33792940676212313,0.14958629608154292,0.5124843060970307,0.5124843060970307,0.17455489933490753,{'Late': 5},Late,Consistently_Correct
YP_009137114.1,UL39,ribonucleotide reductase subunit 1,Early,ProtBERT,Logistic_Regression,Class_Balanced,5,5,0,1.0,0.04411414153873916,0.8385761141777038,0.11730974167585369,0.8385761141777038,0.7212663725018501,{'Early': 5},Early,Consistently_Correct
YP_009137115.1,UL40,ribonucleotide reductase subunit 2,Early,ProtBERT,Logistic_Regression,Class_Balanced,5,5,0,1.0,0.004407871514558739,0.9700125455856323,0.025579571351408918,0.9700125455856323,0.9444329742342235,{'Early': 5},Early,Consistently_Correct
YP_009137116.1,UL41,tegument host shutoff protein,Late,ProtBERT,Logistic_Regression,Class_Balanced,5,0,5,0.0,0.09531588256359097,0.6436009049415589,0.26108323931694033,0.6436009049415589,0.38251766562461853,{'Early': 5},Early,Consistently_Misclassified
YP_009137117.1,UL42,DNA polymerase processivity subunit,Early,ProtBERT,Logistic_Regression,Class_Balanced,5,5,0,1.0,0.13649657592177386,0.6390748500823975,0.224428579211235,0.6390748500823975,0.4146462708711625,{'Early': 5},Early,Consistently_Correct
YP_009137118.1,UL43,envelope protein UL43,Late,ProtBERT,Logistic_Regression,Class_Balanced,5,5,0,1.0,0.21804283261299134,0.1308154001832008,0.6511417508125306,0.6511417508125306,0.4330989181995392,{'Late': 5},Late,Consistently_Correct
YP_009137119.1,UL44,envelope glycoprotein C,Late,ProtBERT,Logistic_Regression,Class_Balanced,5,0,5,0.0,0.05323004908859726,0.6390429258346557,0.30772700905799866,0.6390429258346557,0.33131591677665706,{'Early': 5},Early,Consistently_Misclassified
YP_009137120.1,UL45,membrane protein UL45,Late,ProtBERT,Logistic_Regression,Class_Balanced,5,5,0,1.0,0.17435640692710871,0.14803872406482696,0.6776048541069031,0.6776048541069031,0.5032484471797943,{'Late': 5},Late,Consistently_Correct
YP_009137121.1,UL46,tegument protein VP11/12,Late,ProtBERT,Logistic_Regression,Class_Balanced,5,5,0,1.0,0.30523672699928284,0.1964962363243103,0.49826704859733584,0.49826704859733584,0.193030321598053,{'Late': 5},Late,Consistently_Correct
YP_009137122.1,UL47,tegument protein VP13/14,Late,ProtBERT,Logistic_Regression,Class_Balanced,5,3,2,0.6,0.36915217638015746,0.19455163031816483,0.43629621267318724,0.43629621267318724,0.06714403629302979,"{'Late': 3, 'Immediate-Early': 2}",Late,Frequently_Correct
YP_009137123.1,UL48,transactivating tegument protein VP16,Late,ProtBERT,Logistic_Regression,Class_Balanced,5,2,3,0.4,0.3477581590414047,0.27385128438472744,0.37839053273200984,0.37839053273200984,0.03063237369060512,"{'Immediate-Early': 3, 'Late': 2}",Immediate-Early,Frequently_Misclassified
YP_009137124.1,UL49,tegument protein VP22,Late,ProtBERT,Logistic_Regression,Class_Balanced,5,0,5,0.0,0.7161227703094483,0.08946535885334009,0.19441189169883727,0.7161227703094483,0.521710878610611,{'Immediate-Early': 5},Immediate-Early,Consistently_Misclassified
YP_009137125.1,UL49A,envelope glycoprotein N,Late,ProtBERT,Logistic_Regression,Class_Balanced,5,5,0,1.0,0.333370053768158,0.1235758110880851,0.5430541276931763,0.5430541276931763,0.2096840739250183,{'Late': 5},Late,Consistently_Correct
YP_009137126.1,UL50,deoxyuridine triphosphatase,Early,ProtBERT,Logistic_Regression,Class_Balanced,5,5,0,1.0,0.09955541193485258,0.5689987421035767,0.3314458608627319,0.5689987421035767,0.23755288124084478,{'Early': 5},Early,Consistently_Correct
YP_009137127.1,UL51,tegument protein UL51,Late,ProtBERT,Logistic_Regression,Class_Balanced,5,5,0,1.0,0.36891372203826905,0.16671552658081054,0.4643707573413849,0.4643707573413849,0.09545703530311583,{'Late': 5},Late,Consistently_Correct
YP_009137128.1,UL52,helicase-primase primase subunit,Early,ProtBERT,Logistic_Regression,Class_Balanced,5,0,5,0.0,0.23308734297752376,0.2591152787208557,0.507797360420227,0.507797360420227,0.24868208169937134,{'Late': 5},Late,Consistently_Misclassified
YP_009137129.1,UL53,envelope glycoprotein K,Late,ProtBERT,Logistic_Regression,Class_Balanced,5,5,0,1.0,0.051709582656621886,0.24614065289497375,0.7021497845649719,0.7021497845649719,0.4560091316699981,{'Late': 5},Late,Consistently_Correct
YP_009137130.1,UL54,multifunctional expression regulator,Immediate-Early,ProtBERT,Logistic_Regression,Class_Balanced,5,5,0,1.0,0.5014733135700226,0.10608271062374115,0.39244396686553956,0.5014733135700226,0.109029346704483,{'Immediate-Early': 5},Immediate-Early,Consistently_Correct
YP_009137131.1,UL55,nuclear protein UL55,Late,ProtBERT,Logistic_Regression,Class_Balanced,5,5,0,1.0,0.1657097101211547,0.24451329112052916,0.5897770047187805,0.5897770047187805,0.3452637135982513,{'Late': 5},Late,Consistently_Correct
YP_009137132.1,UL56,membrane protein UL56,Late,ProtBERT,Logistic_Regression,Class_Balanced,5,3,2,0.6,0.4559933543205261,0.14278080016374586,0.4012258470058441,0.4559933543205261,0.054767507314681996,"{'Late': 3, 'Immediate-Early': 2}",Late,Frequently_Correct
YP_009137135.1,RS1,transcriptional regulator ICP4,Immediate-Early,ProtBERT,Logistic_Regression,Class_Balanced,5,5,0,1.0,0.5129280328750611,0.15282516777515406,0.3342467963695526,0.5129280328750611,0.17868123650550843,{'Immediate-Early': 5},Immediate-Early,Consistently_Correct
YP_009137136.1,US1,regulatory protein ICP22,Immediate-Early,ProtBERT,Logistic_Regression,Class_Balanced,5,1,4,0.2,0.38307117819786074,0.19407984316349025,0.4228489935398102,0.4228489935398102,0.03977781534194946,"{'Late': 4, 'Immediate-Early': 1}",Late,Frequently_Misclassified
YP_009137137.1,US2,virion protein US2,Late,ProtBERT,Logistic_Regression,Class_Balanced,5,5,0,1.0,0.2075483441352844,0.16447027623653407,0.6279813885688782,0.6279813885688782,0.4204330444335938,{'Late': 5},Late,Consistently_Correct
YP_009137138.1,US3,serine/threonine protein kinase US3,Early,ProtBERT,Logistic_Regression,Class_Balanced,5,5,0,1.0,0.14452283233404156,0.5213446736335754,0.3341325044631958,0.5213446736335754,0.18721216917037958,{'Early': 5},Early,Consistently_Correct
YP_009137139.1,US4,envelope glycoprotein G,Late,ProtBERT,Logistic_Regression,Class_Balanced,5,5,0,1.0,0.07225898168981074,0.388224595785141,0.539516395330429,0.539516395330429,0.15129179954528804,{'Late': 5},Late,Consistently_Correct
YP_009137140.1,US5,envelope glycoprotein J,Late,ProtBERT,Logistic_Regression,Class_Balanced,5,5,0,1.0,0.1337995663285255,0.0535461530089378,0.8126542806625366,0.8126542806625366,0.6788547143340111,{'Late': 5},Late,Consistently_Correct
YP_009137141.1,US6,envelope glycoprotein D,Late,ProtBERT,Logistic_Regression,Class_Balanced,5,5,0,1.0,0.037306364253163256,0.39832432866096495,0.5643692970275879,0.5643692970275879,0.1660449683666229,{'Late': 5},Late,Consistently_Correct
YP_009137142.1,US7,envelope glycoprotein I,Late,ProtBERT,Logistic_Regression,Class_Balanced,5,5,0,1.0,0.03710181191563602,0.40879095792770387,0.5541072249412536,0.5541072249412536,0.14531626701354977,{'Late': 5},Late,Consistently_Correct
YP_009137143.1,US8,envelope glycoprotein E,Late,ProtBERT,Logistic_Regression,Class_Balanced,5,0,5,0.0,0.0994884621351957,0.5324672102928162,0.36804434657096863,0.5324672102928162,0.16442286372184756,{'Early': 5},Early,Consistently_Misclassified
YP_009137144.1,US8A,membrane protein US8A,Late,ProtBERT,Logistic_Regression,Class_Balanced,5,3,2,0.6,0.46908398270606994,0.053283498436212474,0.47763252854347227,0.47763252854347227,0.008548545837402333,"{'Late': 3, 'Immediate-Early': 2}",Late,Frequently_Correct
YP_009137145.1,US9,membrane protein US9,Late,ProtBERT,Logistic_Regression,Class_Balanced,5,5,0,1.0,0.22208001017570492,0.1578644752502441,0.6200555086135864,0.6200555086135864,0.3979754984378815,{'Late': 5},Late,Consistently_Correct
YP_009137146.1,US10,virion protein US10,Late,ProtBERT,Logistic_Regression,Class_Balanced,5,5,0,1.0,0.2538175761699676,0.10099041163921352,0.6451920390129089,0.6451920390129089,0.3913744628429413,{'Late': 5},Late,Consistently_Correct
YP_009137147.1,US11,tegument protein US11,Late,ProtBERT,Logistic_Regression,Class_Balanced,5,0,5,0.0,0.6629539966583252,0.050995648652315116,0.2860503137111664,0.6629539966583252,0.3769036829471588,{'Immediate-Early': 5},Immediate-Early,Consistently_Misclassified
YP_009137148.1,US12,TAP transporter inhibitor ICP47,Immediate-Early,ProtBERT,Logistic_Regression,Class_Balanced,5,0,5,0.0,0.14460126459598538,0.10732995122671127,0.7480687856674194,0.7480687856674194,0.603467521071434,{'Late': 5},Late,Consistently_Misclassified
YP_009137073.1,RL1,neurovirulence protein ICP34.5,Late,Combined_Equal_Block,Logistic_Regression,Class_Balanced,5,0,5,0.0,0.881026416575376,0.00867827432996938,0.11029530909465468,0.881026416575376,0.7707311074807213,{'Immediate-Early': 5},Immediate-Early,Consistently_Misclassified
YP_009137074.1,RL2,ubiquitin E3 ligase ICP0,Immediate-Early,Combined_Equal_Block,Logistic_Regression,Class_Balanced,5,5,0,1.0,0.5113959858693206,0.1496898197433081,0.3389141943873712,0.5113959858693206,0.17248179148194936,{'Immediate-Early': 5},Immediate-Early,Consistently_Correct
YP_009137075.1,UL1,envelope glycoprotein L,Late,Combined_Equal_Block,Logistic_Regression,Class_Balanced,5,5,0,1.0,0.08190665650869605,0.1810160197704789,0.7370773237208249,0.7370773237208249,0.556061303950346,{'Late': 5},Late,Consistently_Correct
YP_009137076.1,UL2,uracil-DNA glycosylase,Early,Combined_Equal_Block,Logistic_Regression,Class_Balanced,5,2,3,0.4,0.2218626555435756,0.3808144241457972,0.3973229203106271,0.3973229203106271,0.01650849616482991,"{'Late': 3, 'Early': 2}",Late,Frequently_Misclassified
YP_009137077.1,UL3,nuclear protein UL3,Late,Combined_Equal_Block,Logistic_Regression,Class_Balanced,5,5,0,1.0,0.19519842839887036,0.17613466466276392,0.6286669069383656,0.6286669069383656,0.4334684785394952,{'Late': 5},Late,Consistently_Correct
YP_009137078.1,UL4,nuclear protein UL4,Late,Combined_Equal_Block,Logistic_Regression,Class_Balanced,5,5,0,1.0,0.07371542228654143,0.23094653364677642,0.695338044066682,0.695338044066682,0.46439151041990556,{'Late': 5},Late,Consistently_Correct
YP_009137079.1,UL5,helicase-primase helicase subunit,Early,Combined_Equal_Block,Logistic_Regression,Class_Balanced,5,5,0,1.0,0.01711221644311076,0.6224298095030992,0.3604579740537899,0.6224298095030992,0.26197183544930935,{'Early': 5},Early,Consistently_Correct
YP_009137080.1,UL6,capsid portal protein,Late,Combined_Equal_Block,Logistic_Regression,Class_Balanced,5,5,0,1.0,0.13484193578676704,0.3477724739425314,0.5173855902707014,0.5173855902707014,0.16961311632817,{'Late': 5},Late,Consistently_Correct
YP_009137081.1,UL7,tegument protein UL7,Late,Combined_Equal_Block,Logistic_Regression,Class_Balanced,5,4,1,0.8,0.040111431545217624,0.4161355581111256,0.5437530103436566,0.5437530103436566,0.12761745223253101,"{'Late': 4, 'Early': 1}",Late,Consistently_Correct
YP_009137082.1,UL8,helicase-primase subunit,Early,Combined_Equal_Block,Logistic_Regression,Class_Balanced,5,0,5,0.0,0.09600030246486349,0.24019789767834815,0.6638017998567884,0.6638017998567884,0.4236039021784403,{'Late': 5},Late,Consistently_Misclassified
YP_009137083.1,UL9,DNA replication origin-binding helicase,Early,Combined_Equal_Block,Logistic_Regression,Class_Balanced,5,5,0,1.0,0.024232774589743877,0.6804698036321292,0.2952974217781269,0.6804698036321292,0.38517238185400227,{'Early': 5},Early,Consistently_Correct
YP_009137084.1,UL10,envelope glycoprotein M,Late,Combined_Equal_Block,Logistic_Regression,Class_Balanced,5,5,0,1.0,0.0066980373139461594,0.08488599852954955,0.9084159641565043,0.9084159641565043,0.8235299656269547,{'Late': 5},Late,Consistently_Correct
YP_009137085.1,UL11,myristylated tegument protein,Late,Combined_Equal_Block,Logistic_Regression,Class_Balanced,5,0,5,0.0,0.7662637195956755,0.07543278334005703,0.15830349706426747,0.7662637195956755,0.607960222531408,{'Immediate-Early': 5},Immediate-Early,Consistently_Misclassified
YP_009137086.1,UL12,deoxyribonuclease,Early,Combined_Equal_Block,Logistic_Regression,Class_Balanced,5,5,0,1.0,0.15112356252128573,0.6534263795701005,0.19545005790861367,0.6534263795701005,0.45797632166148683,{'Early': 5},Early,Consistently_Correct
YP_009137087.1,UL13,tegument serine/threonine protein kinase,Early,Combined_Equal_Block,Logistic_Regression,Class_Balanced,5,0,5,0.0,0.01874706272683304,0.36374628311459983,0.617506654158567,0.617506654158567,0.25376037104396715,{'Late': 5},Late,Consistently_Misclassified
YP_009137088.1,UL14,tegument protein UL14,Late,Combined_Equal_Block,Logistic_Regression,Class_Balanced,5,2,3,0.4,0.4831836466604781,0.08665908229983552,0.4301572710396863,0.4831836466604781,0.053026375620791766,"{'Immediate-Early': 3, 'Late': 2}",Immediate-Early,Frequently_Misclassified
YP_009137089.1,UL15,DNA packaging terminase subunit 1,Late,Combined_Equal_Block,Logistic_Regression,Class_Balanced,5,0,5,0.0,0.00547872478175552,0.9217772608313097,0.07274401438693477,0.9217772608313097,0.849033246444375,{'Early': 5},Early,Consistently_Misclassified
YP_009137090.1,UL16,tegument protein UL16,Late,Combined_Equal_Block,Logistic_Regression,Class_Balanced,5,5,0,1.0,0.1384047860264553,0.07448813058376733,0.7871070833897773,0.7871070833897773,0.648702297363322,{'Late': 5},Late,Consistently_Correct
YP_009137091.1,UL17,DNA packaging tegument protein UL17,Late,Combined_Equal_Block,Logistic_Regression,Class_Balanced,5,5,0,1.0,0.12357866270437494,0.21409033737567537,0.6623309999199497,0.6623309999199497,0.4482406625442743,{'Late': 5},Late,Consistently_Correct
YP_009137092.1,UL18,capsid triplex subunit 2,Late,Combined_Equal_Block,Logistic_Regression,Class_Balanced,5,5,0,1.0,0.08911119540381915,0.23432238429954624,0.6765664202966346,0.6765664202966346,0.4422440359970884,{'Late': 5},Late,Consistently_Correct
YP_009137093.1,UL19,major capsid protein,Late,Combined_Equal_Block,Logistic_Regression,Class_Balanced,5,2,3,0.4,0.0560552849584246,0.5032134473905807,0.4407312676509947,0.5032134473905807,0.06248217973958603,"{'Early': 3, 'Late': 2}",Early,Frequently_Misclassified
YP_009137094.1,UL20,envelope protein UL20,Late,Combined_Equal_Block,Logistic_Regression,Class_Balanced,5,4,1,0.8,0.019875747626430962,0.4361676639034691,0.5439565884700999,0.5439565884700999,0.10778892456663075,"{'Late': 4, 'Early': 1}",Late,Consistently_Correct
YP_009137095.1,UL21,tegument protein UL21,Late,Combined_Equal_Block,Logistic_Regression,Class_Balanced,5,5,0,1.0,0.06497468251361084,0.2933168303752036,0.6417084871111853,0.6417084871111853,0.3483916567359817,{'Late': 5},Late,Consistently_Correct
YP_009137096.1,UL22,envelope glycoprotein H,Late,Combined_Equal_Block,Logistic_Regression,Class_Balanced,5,5,0,1.0,0.04397149562156588,0.31259831839973123,0.6434301859787028,0.6434301859787028,0.3308318675789716,{'Late': 5},Late,Consistently_Correct
YP_009137097.1,UL23,involved in nucleotide metabolism,Early,Combined_Equal_Block,Logistic_Regression,Class_Balanced,5,4,1,0.8,0.026884213663791255,0.5509857239317079,0.4221300624045009,0.5509857239317079,0.12885566152720695,"{'Early': 4, 'Late': 1}",Early,Consistently_Correct
YP_009137098.1,UL24,nuclear protein UL24,Late,Combined_Equal_Block,Logistic_Regression,Class_Balanced,5,0,5,0.0,0.052839111756039905,0.654172462519793,0.292988425724167,0.654172462519793,0.361184036795626,{'Early': 5},Early,Consistently_Misclassified
YP_009137099.1,UL25,DNA packaging tegument protein UL25,Late,Combined_Equal_Block,Logistic_Regression,Class_Balanced,5,4,1,0.8,0.08813982058522116,0.4045297257140611,0.5073304537007176,0.5073304537007176,0.10280072798665651,"{'Late': 4, 'Early': 1}",Late,Consistently_Correct
YP_009137100.1,UL26,capsid maturation protease,Late,Combined_Equal_Block,Logistic_Regression,Class_Balanced,5,5,0,1.0,0.22132054810492807,0.18081620232149717,0.5978632495735747,0.5978632495735747,0.37654270146864666,{'Late': 5},Late,Consistently_Correct
YP_009137101.1,UL26.5,capsid scaffold protein,Late,Combined_Equal_Block,Logistic_Regression,Class_Balanced,5,5,0,1.0,0.1598007195498317,0.08838842562995275,0.7518108548202156,0.7518108548202156,0.5920101352703839,{'Late': 5},Late,Consistently_Correct
YP_009137102.1,UL27,envelope glycoprotein B,Late,Combined_Equal_Block,Logistic_Regression,Class_Balanced,5,1,4,0.2,0.05427671639298311,0.5420284459360901,0.4036948376709268,0.5420284459360901,0.13833360826516333,"{'Early': 4, 'Late': 1}",Early,Frequently_Misclassified
YP_009137103.1,UL28,DNA packaging terminase subunit 2,Late,Combined_Equal_Block,Logistic_Regression,Class_Balanced,5,5,0,1.0,0.14787472653003514,0.344642521502131,0.5074827519678338,0.5074827519678338,0.16284023046570278,{'Late': 5},Late,Consistently_Correct
YP_009137104.1,UL29,single-stranded DNA-binding protein,Early,Combined_Equal_Block,Logistic_Regression,Class_Balanced,5,3,2,0.6,0.08451393666371042,0.5302977987227415,0.385188264613548,0.5302977987227415,0.14510953410919353,"{'Early': 3, 'Late': 2}",Early,Frequently_Correct
YP_009137105.1,UL30,DNA polymerase catalytic subunit,Early,Combined_Equal_Block,Logistic_Regression,Class_Balanced,5,5,0,1.0,0.01464675872432522,0.9334471213839765,0.0519061198916983,0.9334471213839765,0.8815410014922782,{'Early': 5},Early,Consistently_Correct
YP_009137106.1,UL31,nuclear egress lamina protein,Late,Combined_Equal_Block,Logistic_Regression,Class_Balanced,5,5,0,1.0,0.03391912740818302,0.2229997733657724,0.7430810992260445,0.7430810992260445,0.5200813258602721,{'Late': 5},Late,Consistently_Correct
YP_009137107.1,UL32,DNA packaging protein UL32,Late,Combined_Equal_Block,Logistic_Regression,Class_Balanced,5,3,2,0.6,0.11435873321501593,0.40584430735972543,0.4797969594252586,0.4797969594252586,0.07395265206553314,"{'Late': 3, 'Early': 2}",Late,Frequently_Correct
YP_009137108.1,UL33,DNA packaging protein UL33,Late,Combined_Equal_Block,Logistic_Regression,Class_Balanced,5,5,0,1.0,0.21338297461285877,0.2023471679312972,0.5842698574558439,0.5842698574558439,0.37088688284298515,{'Late': 5},Late,Consistently_Correct
YP_009137109.1,UL34,nuclear egress membrane protein,Late,Combined_Equal_Block,Logistic_Regression,Class_Balanced,5,5,0,1.0,0.11851867440123653,0.1598997685264107,0.7215815570723526,0.7215815570723526,0.561681788545942,{'Late': 5},Late,Consistently_Correct
YP_009137110.1,UL35,small capsid protein,Late,Combined_Equal_Block,Logistic_Regression,Class_Balanced,5,5,0,1.0,0.031360536404673775,0.15409085749621493,0.8145486060991111,0.8145486060991111,0.6604577486028962,{'Late': 5},Late,Consistently_Correct
YP_009137111.1,UL36,large tegument protein,Late,Combined_Equal_Block,Logistic_Regression,Class_Balanced,5,0,5,0.0,0.3066524606144102,0.6395762184160164,0.05377132096957334,0.6395762184160164,0.3329237578016062,"{'Early': 4, 'Immediate-Early': 1}",Early,Consistently_Misclassified
YP_009137112.1,UL37,tegument protein UL37,Late,Combined_Equal_Block,Logistic_Regression,Class_Balanced,5,5,0,1.0,0.07501623590155733,0.25695079388182107,0.6680329702166216,0.6680329702166216,0.4110821763348005,{'Late': 5},Late,Consistently_Correct
YP_009137113.1,UL38,capsid triplex subunit 1,Late,Combined_Equal_Block,Logistic_Regression,Class_Balanced,5,5,0,1.0,0.1269822232996105,0.12423986394997744,0.748777912750412,0.748777912750412,0.6217956894508014,{'Late': 5},Late,Consistently_Correct
YP_009137114.1,UL39,ribonucleotide reductase subunit 1,Early,Combined_Equal_Block,Logistic_Regression,Class_Balanced,5,5,0,1.0,0.08184541848074908,0.7686892230235678,0.14946535849568296,0.7686892230235678,0.6192238645278848,{'Early': 5},Early,Consistently_Correct
YP_009137115.1,UL40,ribonucleotide reductase subunit 2,Early,Combined_Equal_Block,Logistic_Regression,Class_Balanced,5,5,0,1.0,0.00799383463150222,0.9482895033843647,0.04371666198413318,0.9482895033843647,0.9045728414002315,{'Early': 5},Early,Consistently_Correct
YP_009137116.1,UL41,tegument host shutoff protein,Late,Combined_Equal_Block,Logistic_Regression,Class_Balanced,5,0,5,0.0,0.06267745234398218,0.6445287404064447,0.29279380724957305,0.6445287404064447,0.35173493315687165,{'Early': 5},Early,Consistently_Misclassified
YP_009137117.1,UL42,DNA polymerase processivity subunit,Early,Combined_Equal_Block,Logistic_Regression,Class_Balanced,5,5,0,1.0,0.1456706420110764,0.561374027808003,0.2929553301809204,0.561374027808003,0.26841869762708265,{'Early': 5},Early,Consistently_Correct
YP_009137118.1,UL43,envelope protein UL43,Late,Combined_Equal_Block,Logistic_Regression,Class_Balanced,5,5,0,1.0,0.05375385607961074,0.1365203455125175,0.8097257984078718,0.8097257984078718,0.6732054528953544,{'Late': 5},Late,Consistently_Correct
YP_009137119.1,UL44,envelope glycoprotein C,Late,Combined_Equal_Block,Logistic_Regression,Class_Balanced,5,5,0,1.0,0.04321005690464364,0.34791723471755975,0.6088727083777965,0.6088727083777965,0.26095547366023675,{'Late': 5},Late,Consistently_Correct
YP_009137120.1,UL45,membrane protein UL45,Late,Combined_Equal_Block,Logistic_Regression,Class_Balanced,5,5,0,1.0,0.06040918432072064,0.1540724879973257,0.7855183276819535,0.7855183276819535,0.6314458396846279,{'Late': 5},Late,Consistently_Correct
YP_009137121.1,UL46,tegument protein VP11/12,Late,Combined_Equal_Block,Logistic_Regression,Class_Balanced,5,5,0,1.0,0.23733407812642784,0.20383558113461492,0.5588303407389572,0.5588303407389572,0.3214962626125294,{'Late': 5},Late,Consistently_Correct
YP_009137122.1,UL47,tegument protein VP13/14,Late,Combined_Equal_Block,Logistic_Regression,Class_Balanced,5,5,0,1.0,0.192789558030868,0.16546426579000442,0.6417461761791274,0.6417461761791274,0.44895661814825943,{'Late': 5},Late,Consistently_Correct
YP_009137123.1,UL48,transactivating tegument protein VP16,Late,Combined_Equal_Block,Logistic_Regression,Class_Balanced,5,1,4,0.2,0.3514341371082236,0.3282293735756886,0.3203364893160877,0.3514341371082236,0.023204763532534978,"{'Immediate-Early': 3, 'Late': 1, 'Early': 1}",Immediate-Early,Frequently_Misclassified
YP_009137124.1,UL49,tegument protein VP22,Late,Combined_Equal_Block,Logistic_Regression,Class_Balanced,5,0,5,0.0,0.6332740127489831,0.0680742471556381,0.29865174009537876,0.6332740127489831,0.33462227265360434,{'Immediate-Early': 5},Immediate-Early,Consistently_Misclassified
YP_009137125.1,UL49A,envelope glycoprotein N,Late,Combined_Equal_Block,Logistic_Regression,Class_Balanced,5,5,0,1.0,0.16627977264637836,0.09879331394152777,0.7349269134120938,0.7349269134120938,0.5686471407657154,{'Late': 5},Late,Consistently_Correct
YP_009137126.1,UL50,deoxyuridine triphosphatase,Early,Combined_Equal_Block,Logistic_Regression,Class_Balanced,5,5,0,1.0,0.058266595282624026,0.5638484091768747,0.3778849955405013,0.5638484091768747,0.18596341363637342,{'Early': 5},Early,Consistently_Correct
YP_009137127.1,UL51,tegument protein UL51,Late,Combined_Equal_Block,Logistic_Regression,Class_Balanced,5,4,1,0.8,0.3817216091987178,0.12162254346650252,0.4966558473347796,0.4966558473347796,0.1149342381360618,"{'Late': 4, 'Immediate-Early': 1}",Late,Consistently_Correct
YP_009137128.1,UL52,helicase-primase primase subunit,Early,Combined_Equal_Block,Logistic_Regression,Class_Balanced,5,0,5,0.0,0.07511770120606716,0.325426434889787,0.5994558639041457,0.5994558639041457,0.2740294290143587,{'Late': 5},Late,Consistently_Misclassified
YP_009137129.1,UL53,envelope glycoprotein K,Late,Combined_Equal_Block,Logistic_Regression,Class_Balanced,5,5,0,1.0,0.0033191615492969796,0.2225130884222671,0.7741677500284359,0.7741677500284359,0.5516546616061687,{'Late': 5},Late,Consistently_Correct
YP_009137130.1,UL54,multifunctional expression regulator,Immediate-Early,Combined_Equal_Block,Logistic_Regression,Class_Balanced,5,5,0,1.0,0.5171346402328039,0.1178380606249386,0.3650272991422575,0.5171346402328039,0.15210734109054636,{'Immediate-Early': 5},Immediate-Early,Consistently_Correct
YP_009137131.1,UL55,nuclear protein UL55,Late,Combined_Equal_Block,Logistic_Regression,Class_Balanced,5,5,0,1.0,0.031230759771283922,0.3232076102497484,0.6455616299789677,0.6455616299789677,0.3223540197292193,{'Late': 5},Late,Consistently_Correct
YP_009137132.1,UL56,membrane protein UL56,Late,Combined_Equal_Block,Logistic_Regression,Class_Balanced,5,5,0,1.0,0.2322628167933054,0.11132087784658098,0.6564163053601135,0.6564163053601135,0.4241534885668081,{'Late': 5},Late,Consistently_Correct
YP_009137135.1,RS1,transcriptional regulator ICP4,Immediate-Early,Combined_Equal_Block,Logistic_Regression,Class_Balanced,5,5,0,1.0,0.5694865076204334,0.17147961691970753,0.25903387545985895,0.5694865076204334,0.31045263216057445,{'Immediate-Early': 5},Immediate-Early,Consistently_Correct
YP_009137136.1,US1,regulatory protein ICP22,Immediate-Early,Combined_Equal_Block,Logistic_Regression,Class_Balanced,5,5,0,1.0,0.6172303625425369,0.125492703447799,0.25727693400966395,0.6172303625425369,0.359953428532873,{'Immediate-Early': 5},Immediate-Early,Consistently_Correct
YP_009137137.1,US2,virion protein US2,Late,Combined_Equal_Block,Logistic_Regression,Class_Balanced,5,5,0,1.0,0.06239739150509481,0.14410743914955745,0.7934951693453477,0.7934951693453477,0.6493877301957902,{'Late': 5},Late,Consistently_Correct
YP_009137138.1,US3,serine/threonine protein kinase US3,Early,Combined_Equal_Block,Logistic_Regression,Class_Balanced,5,3,2,0.6,0.1710076644372815,0.4692273850651178,0.35976495049760066,0.4692273850651178,0.10946243456751714,"{'Early': 3, 'Late': 2}",Early,Frequently_Correct
YP_009137139.1,US4,envelope glycoprotein G,Late,Combined_Equal_Block,Logistic_Regression,Class_Balanced,5,5,0,1.0,0.22490136942872446,0.3089473249082132,0.46615130566306223,0.46615130566306223,0.15720398075484904,{'Late': 5},Late,Consistently_Correct
YP_009137140.1,US5,envelope glycoprotein J,Late,Combined_Equal_Block,Logistic_Regression,Class_Balanced,5,5,0,1.0,0.01354297210097748,0.02701268217171602,0.9594443457273062,0.9594443457273062,0.9324316635555902,{'Late': 5},Late,Consistently_Correct
YP_009137141.1,US6,envelope glycoprotein D,Late,Combined_Equal_Block,Logistic_Regression,Class_Balanced,5,5,0,1.0,0.0247406711530138,0.39563257286481457,0.5796267559821715,0.5796267559821715,0.18399418311735694,{'Late': 5},Late,Consistently_Correct
YP_009137142.1,US7,envelope glycoprotein I,Late,Combined_Equal_Block,Logistic_Regression,Class_Balanced,5,5,0,1.0,0.02120778916204578,0.20718750555779358,0.7716047052801606,0.7716047052801606,0.564417199722367,{'Late': 5},Late,Consistently_Correct
YP_009137143.1,US8,envelope glycoprotein E,Late,Combined_Equal_Block,Logistic_Regression,Class_Balanced,5,5,0,1.0,0.12033262070060924,0.3837677475051356,0.49589963179425506,0.49589963179425506,0.11213188428911947,{'Late': 5},Late,Consistently_Correct
YP_009137144.1,US8A,membrane protein US8A,Late,Combined_Equal_Block,Logistic_Regression,Class_Balanced,5,5,0,1.0,0.22206433618942173,0.043969487057639055,0.7339661767529392,0.7339661767529392,0.5119018405635174,{'Late': 5},Late,Consistently_Correct
YP_009137145.1,US9,membrane protein US9,Late,Combined_Equal_Block,Logistic_Regression,Class_Balanced,5,5,0,1.0,0.20433640944925627,0.05316270592360515,0.7425008846271385,0.7425008846271385,0.5381644751778822,{'Late': 5},Late,Consistently_Correct
YP_009137146.1,US10,virion protein US10,Late,Combined_Equal_Block,Logistic_Regression,Class_Balanced,5,5,0,1.0,0.04333909749421426,0.06998008290252392,0.8866808196032618,0.8866808196032618,0.816700736700738,{'Late': 5},Late,Consistently_Correct
YP_009137147.1,US11,tegument protein US11,Late,Combined_Equal_Block,Logistic_Regression,Class_Balanced,5,1,4,0.2,0.6483859207571414,0.01018338171104168,0.3414306975318168,0.6483859207571414,0.3069552232253246,"{'Immediate-Early': 4, 'Late': 1}",Immediate-Early,Frequently_Misclassified
YP_009137148.1,US12,TAP transporter inhibitor ICP47,Immediate-Early,Combined_Equal_Block,Logistic_Regression,Class_Balanced,5,0,5,0.0,0.14115203724164968,0.049042265947323235,0.8098056968110271,0.8098056968110271,0.6686536595693774,{'Late': 5},Late,Consistently_Misclassified
YP_009137073.1,RL1,neurovirulence protein ICP34.5,Late,Combined_Equal_Block,SVM_Linear,Class_Balanced,5,0,5,0.0,0.5347457729476723,0.01587035210728894,0.44938387494503873,0.5347457729476723,0.08536189800263361,{'Immediate-Early': 5},Immediate-Early,Consistently_Misclassified
YP_009137074.1,RL2,ubiquitin E3 ligase ICP0,Immediate-Early,Combined_Equal_Block,SVM_Linear,Class_Balanced,5,5,0,1.0,0.2593057367209761,0.09167165737774494,0.649022605901279,0.649022605901279,0.3897168691803029,{'Immediate-Early': 5},Immediate-Early,Consistently_Correct
YP_009137075.1,UL1,envelope glycoprotein L,Late,Combined_Equal_Block,SVM_Linear,Class_Balanced,5,5,0,1.0,0.03744788345629338,0.09686903481140714,0.8656830817322992,0.8656830817322992,0.7688140469208921,{'Late': 5},Late,Consistently_Correct
YP_009137076.1,UL2,uracil-DNA glycosylase,Early,Combined_Equal_Block,SVM_Linear,Class_Balanced,5,5,0,1.0,0.11039716069667085,0.29207578528833167,0.5975270540149974,0.5975270540149974,0.3054512687266657,{'Early': 5},Early,Consistently_Correct
YP_009137077.1,UL3,nuclear protein UL3,Late,Combined_Equal_Block,SVM_Linear,Class_Balanced,5,5,0,1.0,0.0712859051641114,0.11765377504523153,0.8110603197906568,0.8110603197906568,0.6934065447454253,{'Late': 5},Late,Consistently_Correct
YP_009137078.1,UL4,nuclear protein UL4,Late,Combined_Equal_Block,SVM_Linear,Class_Balanced,5,5,0,1.0,0.03588129957902368,0.13605731667555016,0.8280613837454261,0.8280613837454261,0.6920040670698759,{'Late': 5},Late,Consistently_Correct
YP_009137079.1,UL5,helicase-primase helicase subunit,Early,Combined_Equal_Block,SVM_Linear,Class_Balanced,5,5,0,1.0,0.013173390563359139,0.3818437098536539,0.6049828995829868,0.6049828995829868,0.2231391897293329,{'Early': 5},Early,Consistently_Correct
YP_009137080.1,UL6,capsid portal protein,Late,Combined_Equal_Block,SVM_Linear,Class_Balanced,5,5,0,1.0,0.06021515413491748,0.2133463966605662,0.7264384492045162,0.7264384492045162,0.51309205254395,{'Late': 5},Late,Consistently_Correct
YP_009137081.1,UL7,tegument protein UL7,Late,Combined_Equal_Block,SVM_Linear,Class_Balanced,5,3,2,0.6,0.01672597264099666,0.24967733564935485,0.7335966917096484,0.7335966917096484,0.4839193560602935,"{'Late': 3, 'Early': 2}",Late,Frequently_Correct
YP_009137082.1,UL8,helicase-primase subunit,Early,Combined_Equal_Block,SVM_Linear,Class_Balanced,5,0,5,0.0,0.0355200249091372,0.09051422503414124,0.8739657500567214,0.8739657500567214,0.7834515250225802,{'Late': 5},Late,Consistently_Misclassified
YP_009137083.1,UL9,DNA replication origin-binding helicase,Early,Combined_Equal_Block,SVM_Linear,Class_Balanced,5,5,0,1.0,0.0125742570734946,0.4132736159384872,0.5741521269880181,0.5741521269880181,0.16087851104953088,{'Early': 5},Early,Consistently_Correct
YP_009137084.1,UL10,envelope glycoprotein M,Late,Combined_Equal_Block,SVM_Linear,Class_Balanced,5,5,0,1.0,0.00410610215746606,0.035110960852568616,0.9607829369899653,0.9607829369899653,0.9256719761373967,{'Late': 5},Late,Consistently_Correct
YP_009137085.1,UL11,myristylated tegument protein,Late,Combined_Equal_Block,SVM_Linear,Class_Balanced,5,0,5,0.0,0.5051224831816158,0.0746980578127812,0.42017945900560283,0.5051224831816158,0.08494302417601296,{'Immediate-Early': 5},Immediate-Early,Consistently_Misclassified
YP_009137086.1,UL12,deoxyribonuclease,Early,Combined_Equal_Block,SVM_Linear,Class_Balanced,5,5,0,1.0,0.077594879800748,0.42398255851992683,0.4984225616793251,0.4984225616793251,0.07444000315939825,{'Early': 5},Early,Consistently_Correct
YP_009137087.1,UL13,tegument serine/threonine protein kinase,Early,Combined_Equal_Block,SVM_Linear,Class_Balanced,5,2,3,0.4,0.01018001056969492,0.2638745120991593,0.7259454773311458,0.7259454773311458,0.4620709652319865,"{'Late': 3, 'Early': 2}",Late,Frequently_Misclassified
YP_009137088.1,UL14,tegument protein UL14,Late,Combined_Equal_Block,SVM_Linear,Class_Balanced,5,3,2,0.6,0.17451341560301242,0.05561427493111952,0.769872309465868,0.769872309465868,0.5953588938628556,"{'Late': 3, 'Immediate-Early': 2}",Late,Frequently_Correct
YP_009137089.1,UL15,DNA packaging terminase subunit 1,Late,Combined_Equal_Block,SVM_Linear,Class_Balanced,5,0,5,0.0,0.0047876706515103794,0.8445933674490252,0.15061896189946442,0.8445933674490252,0.6939744055495608,{'Early': 5},Early,Consistently_Misclassified
YP_009137090.1,UL16,tegument protein UL16,Late,Combined_Equal_Block,SVM_Linear,Class_Balanced,5,5,0,1.0,0.08204886670653533,0.045000186447522364,0.8729509468459421,0.8729509468459421,0.7909020801394068,{'Late': 5},Late,Consistently_Correct
YP_009137091.1,UL17,DNA packaging tegument protein UL17,Late,Combined_Equal_Block,SVM_Linear,Class_Balanced,5,5,0,1.0,0.05801749631231144,0.1435046721091263,0.7984778315785623,0.7984778315785623,0.654973159469436,{'Late': 5},Late,Consistently_Correct
YP_009137092.1,UL18,capsid triplex subunit 2,Late,Combined_Equal_Block,SVM_Linear,Class_Balanced,5,5,0,1.0,0.04889237714323762,0.10792642865073529,0.8431811942060268,0.8431811942060268,0.7352547655552915,{'Late': 5},Late,Consistently_Correct
YP_009137093.1,UL19,major capsid protein,Late,Combined_Equal_Block,SVM_Linear,Class_Balanced,5,2,3,0.4,0.027432170149573738,0.31384180970750963,0.6587260201429166,0.6587260201429166,0.34488421043540696,"{'Early': 3, 'Late': 2}",Early,Frequently_Misclassified
YP_009137094.1,UL20,envelope protein UL20,Late,Combined_Equal_Block,SVM_Linear,Class_Balanced,5,1,4,0.2,0.01359373513227392,0.2780491660064199,0.7083570988613062,0.7083570988613062,0.4303079328548863,"{'Early': 4, 'Late': 1}",Early,Frequently_Misclassified
YP_009137095.1,UL21,tegument protein UL21,Late,Combined_Equal_Block,SVM_Linear,Class_Balanced,5,5,0,1.0,0.026972494680946802,0.15506431512963464,0.8179631901894184,0.8179631901894184,0.6628988750597837,{'Late': 5},Late,Consistently_Correct
YP_009137096.1,UL22,envelope glycoprotein H,Late,Combined_Equal_Block,SVM_Linear,Class_Balanced,5,4,1,0.8,0.02561552889634624,0.18953151849408129,0.7848529526095722,0.7848529526095722,0.5953214341154909,"{'Late': 4, 'Early': 1}",Late,Consistently_Correct
YP_009137097.1,UL23,involved in nucleotide metabolism,Early,Combined_Equal_Block,SVM_Linear,Class_Balanced,5,3,2,0.6,0.01991386415927176,0.3125446387687697,0.6675414970719583,0.6675414970719583,0.3549968583031886,"{'Early': 3, 'Late': 2}",Early,Frequently_Correct
YP_009137098.1,UL24,nuclear protein UL24,Late,Combined_Equal_Block,SVM_Linear,Class_Balanced,5,0,5,0.0,0.0359076963755093,0.5747046674103834,0.38938763621410716,0.5747046674103834,0.18531703119627624,{'Early': 5},Early,Consistently_Misclassified
YP_009137099.1,UL25,DNA packaging tegument protein UL25,Late,Combined_Equal_Block,SVM_Linear,Class_Balanced,5,3,2,0.6,0.037320153411320306,0.23640161874001997,0.7262782278486597,0.7262782278486597,0.4898766091086397,"{'Late': 3, 'Early': 2}",Late,Frequently_Correct
YP_009137100.1,UL26,capsid maturation protease,Late,Combined_Equal_Block,SVM_Linear,Class_Balanced,5,5,0,1.0,0.08905366092081354,0.12774223250184194,0.7832041065773444,0.7832041065773444,0.6554618740755025,{'Late': 5},Late,Consistently_Correct
YP_009137101.1,UL26.5,capsid scaffold protein,Late,Combined_Equal_Block,SVM_Linear,Class_Balanced,5,5,0,1.0,0.051435503887148834,0.07642088970965408,0.872143606403197,0.872143606403197,0.7957227166935429,{'Late': 5},Late,Consistently_Correct
YP_009137102.1,UL27,envelope glycoprotein B,Late,Combined_Equal_Block,SVM_Linear,Class_Balanced,5,1,4,0.2,0.024346337832724718,0.35589324557801955,0.6197604165892556,0.6197604165892556,0.2638671710112361,"{'Early': 4, 'Late': 1}",Early,Frequently_Misclassified
YP_009137103.1,UL28,DNA packaging terminase subunit 2,Late,Combined_Equal_Block,SVM_Linear,Class_Balanced,5,4,1,0.8,0.0633139200361452,0.2034832305428381,0.7332028494210163,0.7332028494210163,0.5297196188781782,"{'Late': 4, 'Early': 1}",Late,Consistently_Correct
YP_009137104.1,UL29,single-stranded DNA-binding protein,Early,Combined_Equal_Block,SVM_Linear,Class_Balanced,5,3,2,0.6,0.03931923793160726,0.28585978340675755,0.674820978661635,0.674820978661635,0.3889611952548775,"{'Early': 3, 'Late': 2}",Early,Frequently_Correct
YP_009137105.1,UL30,DNA polymerase catalytic subunit,Early,Combined_Equal_Block,SVM_Linear,Class_Balanced,5,5,0,1.0,0.01104956623977266,0.8350271636334703,0.15392327012675697,0.8350271636334703,0.6811038935067133,{'Early': 5},Early,Consistently_Correct
YP_009137106.1,UL31,nuclear egress lamina protein,Late,Combined_Equal_Block,SVM_Linear,Class_Balanced,5,5,0,1.0,0.02278803786415632,0.12507708280271645,0.852134879333127,0.852134879333127,0.7270577965304106,{'Late': 5},Late,Consistently_Correct
YP_009137107.1,UL32,DNA packaging protein UL32,Late,Combined_Equal_Block,SVM_Linear,Class_Balanced,5,3,2,0.6,0.04809761622214972,0.2616881006675717,0.6902142831102784,0.6902142831102784,0.42852618244270674,"{'Late': 3, 'Early': 2}",Late,Frequently_Correct
YP_009137108.1,UL33,DNA packaging protein UL33,Late,Combined_Equal_Block,SVM_Linear,Class_Balanced,5,5,0,1.0,0.07890129052418875,0.11913950412718285,0.8019592053486285,0.8019592053486285,0.6828197012214456,{'Late': 5},Late,Consistently_Correct
YP_009137109.1,UL34,nuclear egress membrane protein,Late,Combined_Equal_Block,SVM_Linear,Class_Balanced,5,5,0,1.0,0.0643941875514171,0.07826708035886425,0.8573387320897187,0.8573387320897187,0.7790716517308545,{'Late': 5},Late,Consistently_Correct
YP_009137110.1,UL35,small capsid protein,Late,Combined_Equal_Block,SVM_Linear,Class_Balanced,5,5,0,1.0,0.0205932940994802,0.11702485674325298,0.8623818491572667,0.8623818491572667,0.7453569924140137,{'Late': 5},Late,Consistently_Correct
YP_009137111.1,UL36,large tegument protein,Late,Combined_Equal_Block,SVM_Linear,Class_Balanced,5,0,5,0.0,0.24805163081220627,0.6356127651404346,0.11633560404735913,0.6356127651404346,0.38756113432822836,{'Early': 5},Early,Consistently_Misclassified
YP_009137112.1,UL37,tegument protein UL37,Late,Combined_Equal_Block,SVM_Linear,Class_Balanced,5,5,0,1.0,0.03297334644361714,0.15329155453833093,0.8137350990180519,0.8137350990180519,0.660443544479721,{'Late': 5},Late,Consistently_Correct
YP_009137113.1,UL38,capsid triplex subunit 1,Late,Combined_Equal_Block,SVM_Linear,Class_Balanced,5,5,0,1.0,0.06664654555550573,0.07594077639945547,0.8574126780450386,0.8574126780450386,0.7814719016455831,{'Late': 5},Late,Consistently_Correct
YP_009137114.1,UL39,ribonucleotide reductase subunit 1,Early,Combined_Equal_Block,SVM_Linear,Class_Balanced,5,5,0,1.0,0.04078613009103966,0.6213028482639693,0.3379110216449909,0.6213028482639693,0.2833918266189784,{'Early': 5},Early,Consistently_Correct
YP_009137115.1,UL40,ribonucleotide reductase subunit 2,Early,Combined_Equal_Block,SVM_Linear,Class_Balanced,5,5,0,1.0,0.00796509310240838,0.8230097618991387,0.16902514499845273,0.8230097618991387,0.653984616900686,{'Early': 5},Early,Consistently_Correct
YP_009137116.1,UL41,tegument host shutoff protein,Late,Combined_Equal_Block,SVM_Linear,Class_Balanced,5,0,5,0.0,0.031160118190081236,0.42617285713716335,0.5426670246727552,0.5426670246727552,0.11649416753559183,{'Early': 5},Early,Consistently_Misclassified
YP_009137117.1,UL42,DNA polymerase processivity subunit,Early,Combined_Equal_Block,SVM_Linear,Class_Balanced,5,5,0,1.0,0.055785019030358,0.3859570515006059,0.5582579294690361,0.5582579294690361,0.1723008779684302,{'Early': 5},Early,Consistently_Correct
YP_009137118.1,UL43,envelope protein UL43,Late,Combined_Equal_Block,SVM_Linear,Class_Balanced,5,5,0,1.0,0.0364769351226795,0.10638628952725442,0.8571367753500658,0.8571367753500658,0.7507504858228115,{'Late': 5},Late,Consistently_Correct
YP_009137119.1,UL44,envelope glycoprotein C,Late,Combined_Equal_Block,SVM_Linear,Class_Balanced,5,5,0,1.0,0.0257967000822363,0.1614770986526635,0.8127262012650999,0.8127262012650999,0.6512491026124364,{'Late': 5},Late,Consistently_Correct
YP_009137120.1,UL45,membrane protein UL45,Late,Combined_Equal_Block,SVM_Linear,Class_Balanced,5,5,0,1.0,0.036182855043160746,0.09219135088154476,0.8716257940752943,0.8716257940752943,0.7794344431937495,{'Late': 5},Late,Consistently_Correct
YP_009137121.1,UL46,tegument protein VP11/12,Late,Combined_Equal_Block,SVM_Linear,Class_Balanced,5,5,0,1.0,0.09004742254342984,0.12565754679217417,0.7842950306643959,0.7842950306643959,0.6586374838722218,{'Late': 5},Late,Consistently_Correct
YP_009137122.1,UL47,tegument protein VP13/14,Late,Combined_Equal_Block,SVM_Linear,Class_Balanced,5,5,0,1.0,0.08127603023649163,0.10645464960830682,0.8122693201552016,0.8122693201552016,0.7058146705468947,{'Late': 5},Late,Consistently_Correct
YP_009137123.1,UL48,transactivating tegument protein VP16,Late,Combined_Equal_Block,SVM_Linear,Class_Balanced,5,4,1,0.8,0.1591203564897047,0.2061428100731657,0.6347368334371294,0.6347368334371294,0.4285940233639637,"{'Late': 4, 'Immediate-Early': 1}",Late,Consistently_Correct
YP_009137124.1,UL49,tegument protein VP22,Late,Combined_Equal_Block,SVM_Linear,Class_Balanced,5,3,2,0.6,0.2327837518696727,0.053491812773452864,0.7137244353568745,0.7137244353568745,0.48094068348720176,"{'Late': 3, 'Immediate-Early': 2}",Late,Frequently_Correct
YP_009137125.1,UL49A,envelope glycoprotein N,Late,Combined_Equal_Block,SVM_Linear,Class_Balanced,5,5,0,1.0,0.090164067748567,0.0624876193223875,0.8473483129290456,0.8473483129290456,0.7571842451804786,{'Late': 5},Late,Consistently_Correct
YP_009137126.1,UL50,deoxyuridine triphosphatase,Early,Combined_Equal_Block,SVM_Linear,Class_Balanced,5,5,0,1.0,0.02770385117220186,0.44117407171709305,0.531122077110705,0.531122077110705,0.08994800539361197,{'Early': 5},Early,Consistently_Correct
YP_009137127.1,UL51,tegument protein UL51,Late,Combined_Equal_Block,SVM_Linear,Class_Balanced,5,5,0,1.0,0.13439509224091828,0.07698176597507635,0.7886231417840053,0.7886231417840053,0.654228049543087,{'Late': 5},Late,Consistently_Correct
YP_009137128.1,UL52,helicase-primase primase subunit,Early,Combined_Equal_Block,SVM_Linear,Class_Balanced,5,0,5,0.0,0.03861637520905714,0.182753707880568,0.7786299169103749,0.7786299169103749,0.5958762090298069,{'Late': 5},Late,Consistently_Misclassified
YP_009137129.1,UL53,envelope glycoprotein K,Late,Combined_Equal_Block,SVM_Linear,Class_Balanced,5,5,0,1.0,0.008008470164047179,0.1462454217287008,0.8457461081072519,0.8457461081072519,0.6995006863785511,{'Late': 5},Late,Consistently_Correct
YP_009137130.1,UL54,multifunctional expression regulator,Immediate-Early,Combined_Equal_Block,SVM_Linear,Class_Balanced,5,3,2,0.6,0.1979938904115272,0.07670628393281637,0.7252998256556562,0.7252998256556562,0.5273059352441289,"{'Immediate-Early': 3, 'Late': 2}",Immediate-Early,Frequently_Correct
YP_009137131.1,UL55,nuclear protein UL55,Late,Combined_Equal_Block,SVM_Linear,Class_Balanced,5,4,1,0.8,0.020092732920764342,0.18901840428355987,0.7908888627956757,0.7908888627956757,0.6018704585121158,"{'Late': 4, 'Early': 1}",Late,Consistently_Correct
YP_009137132.1,UL56,membrane protein UL56,Late,Combined_Equal_Block,SVM_Linear,Class_Balanced,5,5,0,1.0,0.08718544911119026,0.0737375055266724,0.8390770453621375,0.8390770453621375,0.7518915962509471,{'Late': 5},Late,Consistently_Correct
YP_009137135.1,RS1,transcriptional regulator ICP4,Immediate-Early,Combined_Equal_Block,SVM_Linear,Class_Balanced,5,4,1,0.8,0.18510026195882084,0.15250773107494658,0.6623920069662325,0.6623920069662325,0.4772917450074116,"{'Immediate-Early': 4, 'Late': 1}",Immediate-Early,Consistently_Correct
YP_009137136.1,US1,regulatory protein ICP22,Immediate-Early,Combined_Equal_Block,SVM_Linear,Class_Balanced,5,5,0,1.0,0.23666116417345523,0.0901454332791741,0.6731934025473706,0.6731934025473706,0.43653223837391536,{'Immediate-Early': 5},Immediate-Early,Consistently_Correct
YP_009137137.1,US2,virion protein US2,Late,Combined_Equal_Block,SVM_Linear,Class_Balanced,5,5,0,1.0,0.0337866783217585,0.0777430283428743,0.8884702933353671,0.8884702933353671,0.8107272649924928,{'Late': 5},Late,Consistently_Correct
YP_009137138.1,US3,serine/threonine protein kinase US3,Early,Combined_Equal_Block,SVM_Linear,Class_Balanced,5,3,2,0.6,0.08790422274640762,0.3126992351018544,0.5993965421517379,0.5993965421517379,0.2866973070498835,"{'Early': 3, 'Late': 2}",Early,Frequently_Correct
YP_009137139.1,US4,envelope glycoprotein G,Late,Combined_Equal_Block,SVM_Linear,Class_Balanced,5,3,2,0.6,0.09790122685008931,0.13011700518230312,0.7719817679676074,0.7719817679676074,0.6418647627853042,"{'Late': 3, 'Immediate-Early': 2}",Late,Frequently_Correct
YP_009137140.1,US5,envelope glycoprotein J,Late,Combined_Equal_Block,SVM_Linear,Class_Balanced,5,5,0,1.0,0.011612401319368758,0.02984690688982756,0.9585406917908035,0.9585406917908035,0.9286937849009759,{'Late': 5},Late,Consistently_Correct
YP_009137141.1,US6,envelope glycoprotein D,Late,Combined_Equal_Block,SVM_Linear,Class_Balanced,5,5,0,1.0,0.01999147004809306,0.1999566009095669,0.78005192904234,0.78005192904234,0.5800953281327731,{'Late': 5},Late,Consistently_Correct
YP_009137142.1,US7,envelope glycoprotein I,Late,Combined_Equal_Block,SVM_Linear,Class_Balanced,5,5,0,1.0,0.01104411029294046,0.09616621237972749,0.8927896773273322,0.8927896773273322,0.7966234649476047,{'Late': 5},Late,Consistently_Correct
YP_009137143.1,US8,envelope glycoprotein E,Late,Combined_Equal_Block,SVM_Linear,Class_Balanced,5,5,0,1.0,0.05488134725282201,0.16318131378358008,0.781937338963598,0.781937338963598,0.6187560251800179,{'Late': 5},Late,Consistently_Correct
YP_009137144.1,US8A,membrane protein US8A,Late,Combined_Equal_Block,SVM_Linear,Class_Balanced,5,5,0,1.0,0.10601419364754172,0.038841546873301144,0.8551442594791571,0.8551442594791571,0.7491300658316153,{'Late': 5},Late,Consistently_Correct
YP_009137145.1,US9,membrane protein US9,Late,Combined_Equal_Block,SVM_Linear,Class_Balanced,5,5,0,1.0,0.07718328320187576,0.02378298882227578,0.8990337279758481,0.8990337279758481,0.8218504447739724,{'Late': 5},Late,Consistently_Correct
YP_009137146.1,US10,virion protein US10,Late,Combined_Equal_Block,SVM_Linear,Class_Balanced,5,5,0,1.0,0.02016394188457214,0.04926350485559459,0.930572553259833,0.930572553259833,0.8813090484042384,{'Late': 5},Late,Consistently_Correct
YP_009137147.1,US11,tegument protein US11,Late,Combined_Equal_Block,SVM_Linear,Class_Balanced,5,0,5,0.0,0.26832262238135846,0.01603022799210522,0.7156471496265363,0.7156471496265363,0.44732452724517785,{'Immediate-Early': 5},Immediate-Early,Consistently_Misclassified
YP_009137148.1,US12,TAP transporter inhibitor ICP47,Immediate-Early,Combined_Equal_Block,SVM_Linear,Class_Balanced,5,0,5,0.0,0.05549513249128983,0.032373011229986856,0.9121318562787233,0.9121318562787233,0.8566367237874335,{'Late': 5},Late,Consistently_Misclassified
YP_009137073.1,RL1,neurovirulence protein ICP34.5,Late,Physicochemical,Random_Forest,Class_Balanced,5,0,5,0.0,0.6040000000000001,0.041125,0.354875,0.6040000000000001,0.2491250000000001,{'Immediate-Early': 5},Immediate-Early,Consistently_Misclassified
YP_009137074.1,RL2,ubiquitin E3 ligase ICP0,Immediate-Early,Physicochemical,Random_Forest,Class_Balanced,5,0,5,0.0,0.2992,0.1523536417688591,0.5484463582311409,0.5484463582311409,0.24924635823114083,{'Late': 5},Late,Consistently_Misclassified
YP_009137075.1,UL1,envelope glycoprotein L,Late,Physicochemical,Random_Forest,Class_Balanced,5,5,0,1.0,0.018,0.3426570559428158,0.6393429440571843,0.6393429440571843,0.29668588811436847,{'Late': 5},Late,Consistently_Correct
YP_009137076.1,UL2,uracil-DNA glycosylase,Early,Physicochemical,Random_Forest,Class_Balanced,5,0,5,0.0,0.142,0.21993905543143927,0.6380609445685607,0.6380609445685607,0.4181218891371214,{'Late': 5},Late,Consistently_Misclassified
YP_009137077.1,UL3,nuclear protein UL3,Late,Physicochemical,Random_Forest,Class_Balanced,5,3,2,0.6,0.142,0.3999190072513299,0.4580809927486701,0.4580809927486701,0.058161985497340196,"{'Late': 3, 'Early': 2}",Late,Frequently_Correct
YP_009137078.1,UL4,nuclear protein UL4,Late,Physicochemical,Random_Forest,Class_Balanced,5,5,0,1.0,0.0317142857142857,0.19838595276068957,0.7698997615250247,0.7698997615250247,0.5715138087643351,{'Late': 5},Late,Consistently_Correct
YP_009137079.1,UL5,helicase-primase helicase subunit,Early,Physicochemical,Random_Forest,Class_Balanced,5,5,0,1.0,0.002,0.6592036757887222,0.3387963242112777,0.6592036757887222,0.3204073515774445,{'Early': 5},Early,Consistently_Correct
YP_009137080.1,UL6,capsid portal protein,Late,Physicochemical,Random_Forest,Class_Balanced,5,0,5,0.0,0.0245,0.6230070836215728,0.3524929163784272,0.6230070836215728,0.27051416724314553,{'Early': 5},Early,Consistently_Misclassified
YP_009137081.1,UL7,tegument protein UL7,Late,Physicochemical,Random_Forest,Class_Balanced,5,5,0,1.0,0.014000000000000002,0.3295840516899891,0.6564159483100109,0.6564159483100109,0.3268318966200218,{'Late': 5},Late,Consistently_Correct
YP_009137082.1,UL8,helicase-primase subunit,Early,Physicochemical,Random_Forest,Class_Balanced,5,0,5,0.0,0.0408,0.21946066547831253,0.7397393345216874,0.7397393345216874,0.5202786690433748,{'Late': 5},Late,Consistently_Misclassified
YP_009137083.1,UL9,DNA replication origin-binding helicase,Early,Physicochemical,Random_Forest,Class_Balanced,5,4,1,0.8,0.0,0.5433941114254595,0.4566058885745405,0.5433941114254595,0.08678822285091897,"{'Early': 4, 'Late': 1}",Early,Consistently_Correct
YP_009137084.1,UL10,envelope glycoprotein M,Late,Physicochemical,Random_Forest,Class_Balanced,5,5,0,1.0,0.0008,0.30027616413252767,0.6989238358674722,0.6989238358674722,0.39864767173494453,{'Late': 5},Late,Consistently_Correct
YP_009137085.1,UL11,myristylated tegument protein,Late,Physicochemical,Random_Forest,Class_Balanced,5,2,3,0.4,0.45,0.10821944567300604,0.44178055432699387,0.45,0.008219445673006143,"{'Immediate-Early': 3, 'Late': 2}",Immediate-Early,Frequently_Misclassified
YP_009137086.1,UL12,deoxyribonuclease,Early,Physicochemical,Random_Forest,Class_Balanced,5,3,2,0.6,0.02013793103448274,0.5124707079395745,0.46739136102594275,0.5124707079395745,0.045079346913631746,"{'Early': 3, 'Late': 2}",Early,Frequently_Correct
YP_009137087.1,UL13,tegument serine/threonine protein kinase,Early,Physicochemical,Random_Forest,Class_Balanced,5,1,4,0.2,0.0045,0.41358161882276495,0.5819183811772349,0.5819183811772349,0.16833676235446998,"{'Late': 4, 'Early': 1}",Late,Frequently_Misclassified
YP_009137088.1,UL14,tegument protein UL14,Late,Physicochemical,Random_Forest,Class_Balanced,5,3,2,0.6,0.42700000000000005,0.14603908313908315,0.42696091686091686,0.42700000000000005,3.9083139083184726e-05,"{'Late': 3, 'Immediate-Early': 2}",Late,Frequently_Correct
YP_009137089.1,UL15,DNA packaging terminase subunit 1,Late,Physicochemical,Random_Forest,Class_Balanced,5,0,5,0.0,0.002,0.6125766088303892,0.38542339116961066,0.6125766088303892,0.22715321766077856,{'Early': 5},Early,Consistently_Misclassified
YP_009137090.1,UL16,tegument protein UL16,Late,Physicochemical,Random_Forest,Class_Balanced,5,4,1,0.8,0.13599999999999998,0.3772096039095736,0.48679039609042646,0.48679039609042646,0.10958079218085287,"{'Late': 4, 'Early': 1}",Late,Consistently_Correct
YP_009137091.1,UL17,DNA packaging tegument protein UL17,Late,Physicochemical,Random_Forest,Class_Balanced,5,5,0,1.0,0.014000000000000002,0.29464737736799923,0.6913526226320007,0.6913526226320007,0.39670524526400147,{'Late': 5},Late,Consistently_Correct
YP_009137092.1,UL18,capsid triplex subunit 2,Late,Physicochemical,Random_Forest,Class_Balanced,5,5,0,1.0,0.146,0.19997352149555472,0.6540264785044452,0.6540264785044452,0.4540529570088905,{'Late': 5},Late,Consistently_Correct
YP_009137093.1,UL19,major capsid protein,Late,Physicochemical,Random_Forest,Class_Balanced,5,1,4,0.2,0.0020952380952380797,0.6159552068420354,0.3819495550627264,0.6159552068420354,0.23400565177930904,"{'Early': 4, 'Late': 1}",Early,Frequently_Misclassified
YP_009137094.1,UL20,envelope protein UL20,Late,Physicochemical,Random_Forest,Class_Balanced,5,5,0,1.0,0.012,0.34614079289430744,0.6418592071056926,0.6418592071056926,0.2957184142113851,{'Late': 5},Late,Consistently_Correct
YP_009137095.1,UL21,tegument protein UL21,Late,Physicochemical,Random_Forest,Class_Balanced,5,3,2,0.6,0.012095238095238079,0.47041200843315456,0.5174927534716073,0.5174927534716073,0.04708074503845272,"{'Late': 3, 'Early': 2}",Late,Frequently_Correct
YP_009137096.1,UL22,envelope glycoprotein H,Late,Physicochemical,Random_Forest,Class_Balanced,5,4,1,0.8,0.012,0.42778244832337703,0.5602175516766229,0.5602175516766229,0.13243510335324588,"{'Late': 4, 'Early': 1}",Late,Consistently_Correct
YP_009137097.1,UL23,involved in nucleotide metabolism,Early,Physicochemical,Random_Forest,Class_Balanced,5,0,5,0.0,0.049,0.21056556545073707,0.740434434549263,0.740434434549263,0.529868869098526,{'Late': 5},Late,Consistently_Misclassified
YP_009137098.1,UL24,nuclear protein UL24,Late,Physicochemical,Random_Forest,Class_Balanced,5,5,0,1.0,0.1885,0.18397750740487578,0.6275224925951242,0.6275224925951242,0.43902249259512416,{'Late': 5},Late,Consistently_Correct
YP_009137099.1,UL25,DNA packaging tegument protein UL25,Late,Physicochemical,Random_Forest,Class_Balanced,5,2,3,0.4,0.003,0.49399779858256637,0.5030022014174336,0.5030022014174336,0.009004402834867198,"{'Early': 3, 'Late': 2}",Early,Frequently_Misclassified
YP_009137100.1,UL26,capsid maturation protease,Late,Physicochemical,Random_Forest,Class_Balanced,5,5,0,1.0,0.098,0.22126348207602206,0.6807365179239779,0.6807365179239779,0.45947303584795585,{'Late': 5},Late,Consistently_Correct
YP_009137101.1,UL26.5,capsid scaffold protein,Late,Physicochemical,Random_Forest,Class_Balanced,5,5,0,1.0,0.122,0.22354761904761905,0.654452380952381,0.654452380952381,0.43090476190476196,{'Late': 5},Late,Consistently_Correct
YP_009137102.1,UL27,envelope glycoprotein B,Late,Physicochemical,Random_Forest,Class_Balanced,5,0,5,0.0,0.04213793103448274,0.6219169424287267,0.33594512653679043,0.6219169424287267,0.2859718158919363,{'Early': 5},Early,Consistently_Misclassified
YP_009137103.1,UL28,DNA packaging terminase subunit 2,Late,Physicochemical,Random_Forest,Class_Balanced,5,1,4,0.2,0.01623026315789472,0.5385244317430076,0.4452453050990977,0.5385244317430076,0.09327912664390986,"{'Early': 4, 'Late': 1}",Early,Frequently_Misclassified
YP_009137104.1,UL29,single-stranded DNA-binding protein,Early,Physicochemical,Random_Forest,Class_Balanced,5,4,1,0.8,0.006,0.5548834949214697,0.43911650507853023,0.5548834949214697,0.11576698984293948,"{'Early': 4, 'Late': 1}",Early,Consistently_Correct
YP_009137105.1,UL30,DNA polymerase catalytic subunit,Early,Physicochemical,Random_Forest,Class_Balanced,5,5,0,1.0,0.00013793103448274,0.7467701953211368,0.2530918736443803,0.7467701953211368,0.49367832167675646,{'Early': 5},Early,Consistently_Correct
YP_009137106.1,UL31,nuclear egress lamina protein,Late,Physicochemical,Random_Forest,Class_Balanced,5,3,2,0.6,0.0,0.44189209105905825,0.5581079089409418,0.5581079089409418,0.11621581788188351,"{'Late': 3, 'Early': 2}",Late,Frequently_Correct
YP_009137107.1,UL32,DNA packaging protein UL32,Late,Physicochemical,Random_Forest,Class_Balanced,5,1,4,0.2,0.02213333333333332,0.6368528177440433,0.3410138489226234,0.6368528177440433,0.29583896882141997,"{'Early': 4, 'Late': 1}",Early,Frequently_Misclassified
YP_009137108.1,UL33,DNA packaging protein UL33,Late,Physicochemical,Random_Forest,Class_Balanced,5,5,0,1.0,0.14200000000000002,0.24967836275090272,0.6083216372490972,0.6083216372490972,0.35864327449819444,{'Late': 5},Late,Consistently_Correct
YP_009137109.1,UL34,nuclear egress membrane protein,Late,Physicochemical,Random_Forest,Class_Balanced,5,5,0,1.0,0.038,0.21615384723971678,0.7458461527602831,0.7458461527602831,0.5296923055205663,{'Late': 5},Late,Consistently_Correct
YP_009137110.1,UL35,small capsid protein,Late,Physicochemical,Random_Forest,Class_Balanced,5,5,0,1.0,0.136,0.24968739900450426,0.6143126009954958,0.6143126009954958,0.3646252019909915,{'Late': 5},Late,Consistently_Correct
YP_009137111.1,UL36,large tegument protein,Late,Physicochemical,Random_Forest,Class_Balanced,5,3,2,0.6,0.20823026315789472,0.34084651647622505,0.4509232203658803,0.4509232203658803,0.11007670388965524,"{'Late': 3, 'Early': 2}",Late,Frequently_Correct
YP_009137112.1,UL37,tegument protein UL37,Late,Physicochemical,Random_Forest,Class_Balanced,5,5,0,1.0,0.008,0.323601975369794,0.6683980246302059,0.6683980246302059,0.3447960492604119,{'Late': 5},Late,Consistently_Correct
YP_009137113.1,UL38,capsid triplex subunit 1,Late,Physicochemical,Random_Forest,Class_Balanced,5,5,0,1.0,0.06733333333333333,0.2480020023543707,0.6846646643122959,0.6846646643122959,0.4366626619579252,{'Late': 5},Late,Consistently_Correct
YP_009137114.1,UL39,ribonucleotide reductase subunit 1,Early,Physicochemical,Random_Forest,Class_Balanced,5,5,0,1.0,0.00023026315789472,0.763033583960115,0.23673615288199024,0.763033583960115,0.5262974310781248,{'Early': 5},Early,Consistently_Correct
YP_009137115.1,UL40,ribonucleotide reductase subunit 2,Early,Physicochemical,Random_Forest,Class_Balanced,5,5,0,1.0,0.006285714285714281,0.5823181378211584,0.4113961478931273,0.5823181378211584,0.1709219899280311,{'Early': 5},Early,Consistently_Correct
YP_009137116.1,UL41,tegument host shutoff protein,Late,Physicochemical,Random_Forest,Class_Balanced,5,0,5,0.0,0.020124999999999997,0.6797545938186491,0.30012040618135066,0.6797545938186491,0.37963418763729845,{'Early': 5},Early,Consistently_Misclassified
YP_009137117.1,UL42,DNA polymerase processivity subunit,Early,Physicochemical,Random_Forest,Class_Balanced,5,0,5,0.0,0.14942857142857138,0.3255179575979576,0.525053470973471,0.525053470973471,0.1995355133755134,{'Late': 5},Late,Consistently_Misclassified
YP_009137118.1,UL43,envelope protein UL43,Late,Physicochemical,Random_Forest,Class_Balanced,5,5,0,1.0,0.016,0.261541710371186,0.7224582896288139,0.7224582896288139,0.46091657925762786,{'Late': 5},Late,Consistently_Correct
YP_009137119.1,UL44,envelope glycoprotein C,Late,Physicochemical,Random_Forest,Class_Balanced,5,4,1,0.8,0.038,0.3789487886156998,0.5830512113843002,0.5830512113843002,0.20410242276860036,"{'Late': 4, 'Early': 1}",Late,Consistently_Correct
YP_009137120.1,UL45,membrane protein UL45,Late,Physicochemical,Random_Forest,Class_Balanced,5,5,0,1.0,0.044000000000000004,0.11599999999999996,0.8400000000000001,0.8400000000000001,0.7240000000000001,{'Late': 5},Late,Consistently_Correct
YP_009137121.1,UL46,tegument protein VP11/12,Late,Physicochemical,Random_Forest,Class_Balanced,5,4,1,0.8,0.1481052631578947,0.4102959879996762,0.441598748842429,0.441598748842429,0.0313027608427528,"{'Late': 4, 'Early': 1}",Late,Consistently_Correct
YP_009137122.1,UL47,tegument protein VP13/14,Late,Physicochemical,Random_Forest,Class_Balanced,5,5,0,1.0,0.05600000000000001,0.18468941562132096,0.7593105843786789,0.7593105843786789,0.5746211687573579,{'Late': 5},Late,Consistently_Correct
YP_009137123.1,UL48,transactivating tegument protein VP16,Late,Physicochemical,Random_Forest,Class_Balanced,5,4,1,0.8,0.17400000000000002,0.37764196396139116,0.4483580360386088,0.4483580360386088,0.07071607207721764,"{'Late': 4, 'Early': 1}",Late,Consistently_Correct
YP_009137124.1,UL49,tegument protein VP22,Late,Physicochemical,Random_Forest,Class_Balanced,5,2,3,0.4,0.42300000000000004,0.1512167559018162,0.4257832440981838,0.4257832440981838,0.002783244098183757,"{'Immediate-Early': 3, 'Late': 2}",Immediate-Early,Frequently_Misclassified
YP_009137125.1,UL49A,envelope glycoprotein N,Late,Physicochemical,Random_Forest,Class_Balanced,5,5,0,1.0,0.302,0.14900000000000002,0.549,0.549,0.24700000000000005,{'Late': 5},Late,Consistently_Correct
YP_009137126.1,UL50,deoxyuridine triphosphatase,Early,Physicochemical,Random_Forest,Class_Balanced,5,0,5,0.0,0.02,0.33629452254739284,0.6437054774526071,0.6437054774526071,0.30741095490521425,{'Late': 5},Late,Consistently_Misclassified
YP_009137127.1,UL51,tegument protein UL51,Late,Physicochemical,Random_Forest,Class_Balanced,5,3,2,0.6,0.37,0.155200641025641,0.47479935897435893,0.47479935897435893,0.10479935897435894,"{'Late': 3, 'Immediate-Early': 2}",Late,Frequently_Correct
YP_009137128.1,UL52,helicase-primase primase subunit,Early,Physicochemical,Random_Forest,Class_Balanced,5,5,0,1.0,0.004,0.7368246841345341,0.2591753158654659,0.7368246841345341,0.4776493682690682,{'Early': 5},Early,Consistently_Correct
YP_009137129.1,UL53,envelope glycoprotein K,Late,Physicochemical,Random_Forest,Class_Balanced,5,1,4,0.2,0.00028571428571428,0.5693016859391338,0.43041259977515195,0.5693016859391338,0.13888908616398182,"{'Early': 4, 'Late': 1}",Early,Frequently_Misclassified
YP_009137130.1,UL54,multifunctional expression regulator,Immediate-Early,Physicochemical,Random_Forest,Class_Balanced,5,5,0,1.0,0.6581250000000001,0.11851893371802621,0.22335606628197371,0.6581250000000001,0.4347689337180264,{'Immediate-Early': 5},Immediate-Early,Consistently_Correct
YP_009137131.1,UL55,nuclear protein UL55,Late,Physicochemical,Random_Forest,Class_Balanced,5,5,0,1.0,0.008,0.3239150546821599,0.66808494531784,0.66808494531784,0.3441698906356801,{'Late': 5},Late,Consistently_Correct
YP_009137132.1,UL56,membrane protein UL56,Late,Physicochemical,Random_Forest,Class_Balanced,5,5,0,1.0,0.08,0.19216687675070024,0.7278331232492997,0.7278331232492997,0.5356662464985995,{'Late': 5},Late,Consistently_Correct
YP_009137135.1,RS1,transcriptional regulator ICP4,Immediate-Early,Physicochemical,Random_Forest,Class_Balanced,5,5,0,1.0,0.5530952380952382,0.109331746031746,0.33757301587301586,0.5530952380952382,0.21552222222222234,{'Immediate-Early': 5},Immediate-Early,Consistently_Correct
YP_009137136.1,US1,regulatory protein ICP22,Immediate-Early,Physicochemical,Random_Forest,Class_Balanced,5,5,0,1.0,0.5638,0.16043385155906892,0.275766148440931,0.5638,0.28803385155906897,{'Immediate-Early': 5},Immediate-Early,Consistently_Correct
YP_009137137.1,US2,virion protein US2,Late,Physicochemical,Random_Forest,Class_Balanced,5,5,0,1.0,0.052000000000000005,0.2020894435487785,0.7459105564512216,0.7459105564512216,0.5438211129024431,{'Late': 5},Late,Consistently_Correct
YP_009137138.1,US3,serine/threonine protein kinase US3,Early,Physicochemical,Random_Forest,Class_Balanced,5,5,0,1.0,0.16,0.4953622968861204,0.34463770311387953,0.4953622968861204,0.15072459377224084,{'Early': 5},Early,Consistently_Correct
YP_009137139.1,US4,envelope glycoprotein G,Late,Physicochemical,Random_Forest,Class_Balanced,5,5,0,1.0,0.334,0.14742500610500606,0.518574993894994,0.518574993894994,0.18457499389499393,{'Late': 5},Late,Consistently_Correct
YP_009137140.1,US5,envelope glycoprotein J,Late,Physicochemical,Random_Forest,Class_Balanced,5,5,0,1.0,0.11399999999999999,0.11366666666666665,0.7723333333333333,0.7723333333333333,0.6583333333333333,{'Late': 5},Late,Consistently_Correct
YP_009137141.1,US6,envelope glycoprotein D,Late,Physicochemical,Random_Forest,Class_Balanced,5,2,3,0.4,0.00803316912972082,0.5039146810921762,0.4880521497781031,0.5039146810921762,0.015862531314073114,"{'Early': 3, 'Late': 2}",Early,Frequently_Misclassified
YP_009137142.1,US7,envelope glycoprotein I,Late,Physicochemical,Random_Forest,Class_Balanced,5,5,0,1.0,0.0761052631578947,0.344499753814708,0.5793949830273972,0.5793949830273972,0.23489522921268924,{'Late': 5},Late,Consistently_Correct
YP_009137143.1,US8,envelope glycoprotein E,Late,Physicochemical,Random_Forest,Class_Balanced,5,5,0,1.0,0.11599999999999999,0.2587234831877415,0.6252765168122585,0.6252765168122585,0.36655303362451697,{'Late': 5},Late,Consistently_Correct
YP_009137144.1,US8A,membrane protein US8A,Late,Physicochemical,Random_Forest,Class_Balanced,5,5,0,1.0,0.10800000000000001,0.13455528138528133,0.7574447186147186,0.7574447186147186,0.6228894372294373,{'Late': 5},Late,Consistently_Correct
YP_009137145.1,US9,membrane protein US9,Late,Physicochemical,Random_Forest,Class_Balanced,5,5,0,1.0,0.096,0.13614106280193233,0.7678589371980676,0.7678589371980676,0.6317178743961354,{'Late': 5},Late,Consistently_Correct
YP_009137146.1,US10,virion protein US10,Late,Physicochemical,Random_Forest,Class_Balanced,5,5,0,1.0,0.027999999999999997,0.20699537248097616,0.7650046275190239,0.7650046275190239,0.5580092550380478,{'Late': 5},Late,Consistently_Correct
YP_009137147.1,US11,tegument protein US11,Late,Physicochemical,Random_Forest,Class_Balanced,5,2,3,0.4,0.442,0.07656666666666666,0.4814333333333334,0.4814333333333334,0.039433333333333376,"{'Immediate-Early': 3, 'Late': 2}",Immediate-Early,Frequently_Misclassified
YP_009137148.1,US12,TAP transporter inhibitor ICP47,Immediate-Early,Physicochemical,Random_Forest,Class_Balanced,5,0,5,0.0,0.34800000000000003,0.11265473684210528,0.5393452631578948,0.5393452631578948,0.19134526315789474,{'Late': 5},Late,Consistently_Misclassified
