protein_id,accession,gene,primary_temporal_class,late_subclass,verification_status,protein_length,primary_known_function,functional_category,documented_localization_or_compartment,documented_role_in_HSV1_life_cycle,documented_interactions_if_relevant,relevant_literature_reference,pmid,doi,evidence_type,evidence_strength,notes
YP_009137073.1,NC_001806.2,RL1,Late,Gamma-1,verified,248,"Neurovirulence factor ICP34.5; recruits host protein phosphatase 1alpha (PP1a) to dephosphorylate eIF2alpha, reversing PKR-mediated host translational arrest; blocks autophagy via Beclin-1 binding.",host-interaction/regulatory,Cytoplasm and nucleus,Infection maintenance; neurovirulence; overcoming host antiviral innate immune defenses.,"PP1alpha (PPP1CA), Beclin-1 (BECN1), TBK1, PCNA",Chou & Roizman (1990) J Virol 64:1014-1020; He et al. (1997) PNAS 94:843-848,2172479,10.1128/jvi.64.3.1014-1020.1990,Direct Experimental / Literature Curation,High,Non-structural leaky-late (gamma-1) protein with critical early-acting regulatory roles.
YP_009137074.1,NC_001806.2,RL2,Immediate-Early,N/A,verified,775,RING-finger ubiquitin E3 ligase ICP0; induces proteasomal degradation of host restriction factors including PML and Sp100 in ND10/PML nuclear bodies to promote viral transcription and reactivation from latency.,transcriptional/regulatory,Nucleus (ND10 nuclear bodies) early; translocates to cytoplasm late,Immediate-early transactivation; overcoming intrinsic antiviral silencing; latency reactivation.,"PML, Sp100, USP7 (HAUSP), RNF8, p53, CoREST",Everett & Maul (1994) EMBO J 13:5062-5069; Boutell & Everett (2013) J Gen Virol 94:665-681,7957076,10.1099/vir.0.050625-0,Direct Experimental / Literature Curation,High,Canonical alpha immediate-early regulatory E3 ligase.
YP_009137075.1,NC_001806.2,UL1,Late,Gamma-1,verified,224,"Envelope glycoprotein L (gL); essential chaperone forming a functional heterodimer with glycoprotein H (gH), required for proper gH folding, cell-surface trafficking, and viral membrane fusion.",envelope/glycoprotein,"Endoplasmic reticulum, Golgi apparatus, virion envelope, plasma membrane",Viral entry into host cells via membrane fusion; cell-to-cell spread.,Glycoprotein H (UL22/gH),Hutchinson et al. (1992) J Virol 66:2240-2250; Roop et al. (1993) J Virol 67:2285-2297,1312632,10.1128/jvi.66.4.2240-2250.1992,Direct Experimental / Literature Curation,High,Core entry machinery glycoprotein; gamma-1 expression.
YP_009137076.1,NC_001806.2,UL2,Early,N/A,verified,334,Uracil-DNA glycosylase (UDG); excises premutagenic uracil residues from viral DNA during replication to preserve genomic fidelity.,nucleotide metabolism,Nucleus,Viral DNA base-excision repair and maintenance of genomic stability in non-dividing neuronal cells.,"UL30 (DNA polymerase catalytic subunit), UL42 (processivity factor)",Mullaney et al. (1989) J Gen Virol 70:449-453; Caradonna & Cheng (1980) J Biol Chem 255:2293-2300,2542574,10.1099/0022-1317-70-2-449,Direct Experimental / Literature Curation,High,Early (beta) repair enzyme.
YP_009137077.1,NC_001806.2,UL3,Late,Gamma-2,verified,224,Nuclear phosphoprotein UL3; modulates viral gene expression and capsid maturation.,host-interaction/regulatory,Nucleus (nucleolus),Viral replication regulation; non-essential for viral growth in cell culture.,Unresolved in consulted sources,Baines et al. (1995) J Virol 69:825-833; Roizman et al. (2013) Fields Virology,7609051,10.1128/jvi.69.2.825-833.1995,Direct Experimental / Literature Curation,High,True late (gamma-2) nuclear protein.
YP_009137078.1,NC_001806.2,UL4,Late,Gamma-2,verified,199,Nuclear protein UL4; participates in viral replication complex organization.,host-interaction/regulatory,Nucleus,Late phase viral replication modulation.,Unresolved in consulted sources,Baines et al. (1994) J Virol 68:2929-2936; Roizman et al. (2013) Fields Virology,8189528,10.1128/jvi.68.5.2929-2936.1994,Direct Experimental / Literature Curation,High,True late (gamma-2) protein.
YP_009137079.1,NC_001806.2,UL5,Early,N/A,verified,882,Helicase subunit of the heterotrimeric helicase-primase complex (UL5/UL8/UL52); unwinds double-stranded viral DNA ahead of the replication fork with 5'-to-3' polarity driven by ATP hydrolysis.,DNA replication,Nucleus (viral replication compartments),Essential for viral origin-dependent DNA replication fork progression.,"UL8 (primase accessory subunit), UL52 (primase catalytic subunit), UL9 (origin-binding protein)",Crute et al. (1989) PNAS 86:2186-2189; Zhu & Weller (1992) J Virol 66:469-479,2538836,10.1073/pnas.86.7.2186,Direct Experimental / Literature Curation,High,Core early (beta) replication machinery.
YP_009137080.1,NC_001806.2,UL6,Late,Gamma-2,verified,676,Capsid portal protein; forms a ring-shaped homododecameric portal structure at a single fivefold vertex of the icosahedral capsid through which viral dsDNA is packaged and injected.,DNA packaging,Nucleus (capsid assembly sites),Essential for genomic DNA entry into preformed capsids during encapsidation.,"UL15/UL28/UL33 (terminase complex), UL19 (VP5 major capsid protein), UL26 (capsid protease)",Patel et al. (1996) J Virol 70:5206-5213; Newcomb et al. (2001) J Virol 75:10923-10932,8627775,10.1128/jvi.70.8.5206-5213.1996,Direct Experimental / Literature Curation,High,True late (gamma-2) structural packaging portal.
YP_009137081.1,NC_001806.2,UL7,Late,Gamma-1,verified,296,"Tegument protein UL7; forms a functional complex with envelope/tegument protein UL51, required for efficient secondary envelopement, cytoplasmic virion assembly, and viral cell-to-cell spread.",tegument,Cytoplasm (trans-Golgi network / endosomes) and nucleus,Secondary envelopment and cytoplasmic maturation.,UL51 (tegument protein),Tanaka et al. (2003) J Virol 77:1382-1391; Albecka et al. (2017) J Virol 91:e00897-17,12941910,10.1128/jvi.77.2.1382-1391.2003,Direct Experimental / Literature Curation,High,Late (gamma-1) tegument component.
YP_009137082.1,NC_001806.2,UL8,Early,N/A,verified,750,"Helicase-primase accessory factor; essential subunit of the UL5/UL8/UL52 complex that stabilizes the complex, stimulates primase activity, recruits UL9 and ICP8, and targets the complex to the nucleus.",DNA replication,Nucleus (viral replication compartments),Coordination of helicase-primase assembly and replication fork recruitment.,"UL5 (helicase), UL52 (primase), UL29 (ICP8 single-strand binding protein), UL9 (OBP)",Crute et al. (1989) PNAS 86:2186-2189; Carmichael et al. (1993) J Virol 67:3520-3529,2538836,10.1073/pnas.86.7.2186,Direct Experimental / Literature Curation,High,Early (beta) replication complex member; computationally difficult due to large size and structural integration with replication core.
YP_009137083.1,NC_001806.2,UL9,Early,N/A,verified,851,Origin-binding protein (OBP); ATP-dependent 3'-to-5' DNA helicase that specifically recognizes and binds the palindromic sequences within HSV-1 origins of replication (oriS and oriL) to initiate replication bubble opening.,DNA replication,Nucleus (replication origins),Initiation of viral origin-dependent DNA replication.,"UL29 (ICP8), UL8 (helicase-primase accessory factor), UL42",Olivo et al. (1988) PNAS 85:5414-5418; Elias et al. (1986) PNAS 83:6322-6326,2840659,10.1073/pnas.85.15.5414,Direct Experimental / Literature Curation,High,Early (beta) initiator protein.
YP_009137084.1,NC_001806.2,UL10,Late,Gamma-1,verified,473,"Envelope glycoprotein M (gM); eight-transmembrane domain glycoprotein that forms a disulfide-linked heterodimer with glycoprotein N (UL49A/gN), modulating membrane fusion and secondary envelopment.",envelope/glycoprotein,"Trans-Golgi network, plasma membrane, virion envelope",Modulation of viral fusion activity and cytoplasmic envelopment.,UL49A (glycoprotein N / gN),Baines & Roizman (1991) J Virol 65:938-944; MacLean et al. (1993) J Gen Virol 74:975-983,1656092,10.1128/jvi.65.2.938-944.1991,Direct Experimental / Literature Curation,High,Leaky late (gamma-1) multi-pass transmembrane glycoprotein.
YP_009137085.1,NC_001806.2,UL11,Late,Gamma-1,verified,96,Small myristoylated and palmitoylated membrane-associated tegument protein (96 aa); binds membranes and acts as a central hub interacting with UL16 and UL21 to mediate secondary envelopment.,tegument,"Golgi apparatus, trans-Golgi network, cytoplasmic membranes, virion tegument",Secondary envelopment at cytoplasmic membranes; virion egress.,"UL16 (tegument protein), UL21 (tegument protein), gM (UL10), gE (US8)",MacLean et al. (1989) J Gen Virol 70:3147-3157; Baines et al. (1995) J Virol 69:825-833,2552093,10.1099/0022-1317-70-12-3147,Direct Experimental / Literature Curation,High,Late (gamma-1) protein; very short sequence (96 aa) and dual lipid modifications lead to distinct physicochemical features.
YP_009137086.1,NC_001806.2,UL12,Early,N/A,verified,626,"Alkaline deoxyribonuclease (exo/endonuclease); promotes viral DNA recombination, branched replication intermediate processing, and concatemer resolution working cooperatively with ICP8 (UL29).",DNA replication,Nucleus (replication compartments),Recombination-dependent DNA replication and genomic maturation.,UL29 (ICP8 single-strand DNA binding protein),Weller et al. (1990) J Virol 64:2890-2899; Martinez et al. (1996) J Virol 70:2075-2085,2159547,10.1128/jvi.64.6.2890-2899.1990,Direct Experimental / Literature Curation,High,Early (beta) catalytic nuclease.
YP_009137087.1,NC_001806.2,UL13,Early,N/A,verified,518,"Tegument-associated serine/threonine protein kinase; phosphorylates viral proteins (ICP0, ICP22, gE, gI, VP22, UL41) and host elongation factor EF-1delta, modulating transcription, translation, and tegument disassembly.",kinase,Nucleus and cytoplasm; packaged in virion tegument,Phosphorylation of viral and host factors immediately upon viral entry; regulatory kinase.,"US1/ICP22, UL48/VP16, UL41/vhs, host EF-1delta, CDC25C",Overton et al. (1992) Virology 190:184-192; Cunningham et al. (1992) J Gen Virol 73:303-311,1324546,10.1016/0042-6822(92)91204-i,Direct Experimental / Literature Curation,High,"Classified as Early (beta) expression, but packaged into virions to act as an immediate virion kinase upon infection."
YP_009137088.1,NC_001806.2,UL14,Late,Gamma-1,verified,219,"Minor tegument protein UL14; exhibits molecular chaperone-like activity, facilitates nuclear translocation of other tegument proteins, and promotes VP16/UL48 assembly.",tegument,Cytoplasm and nucleus; virion tegument,Tegument organization and cytoplasmic maturation.,"UL33, VP16 (UL48)",Cunningham et al. (2000) J Virol 74:33-41; Yamauchi et al. (2008) J Virol 82:10300-10307,10627552,10.1128/jvi.74.1.33-41.2000,Direct Experimental / Literature Curation,High,Late (gamma-1) minor tegument protein.
YP_009137089.1,NC_001806.2,UL15,Late,Gamma-2,verified,735,"DNA packaging terminase large subunit 1; forms the catalytic ATPase/endonuclease terminase heterotrimer with UL28 and UL33, cleaving concatemeric viral DNA at pac sites and translocating DNA into capsids.",DNA packaging,Nucleus (capsid assembly sites),Essential packaging of concatemeric DNA into viral procapsids.,"UL28 (terminase subunit 2), UL33 (terminase subunit 3), UL6 (portal protein)",Baines et al. (1994) J Virol 68:2929-2936; Yu & Weller (1998) J Virol 72:7428-7439,8189528,10.1128/jvi.68.5.2929-2936.1994,Direct Experimental / Literature Curation,High,True late (gamma-2) terminase motor subunit; encoded by a spliced gene.
YP_009137090.1,NC_001806.2,UL16,Late,Gamma-1,verified,373,"Tegument protein UL16; acts as a structural bridge by binding UL11 at membranes and UL21 on capsids, orchestrating secondary envelopment.",tegument,"Cytoplasm, trans-Golgi network, and nucleus","Tegument assembly, bridging capsids to envelopment sites.","UL11 (tegument), UL21 (tegument), capsids",Nalwanga et al. (1996) J Virol 70:3077-3084; Chadha et al. (2012) J Virol 86:13589-13600,8627763,10.1128/jvi.70.5.3077-3084.1996,Direct Experimental / Literature Curation,High,Late (gamma-1) tegument factor.
YP_009137091.1,NC_001806.2,UL17,Late,Gamma-1,verified,703,"Capsid-associated tegument complex (CATC/CVCR) subunit; interacts with UL25 at capsid pentons, essential for viral DNA encapsidation and stabilizing genome-filled capsids.",DNA packaging,Nucleus (capsid vertices),DNA packaging and capsid stabilization for nuclear egress.,"UL25 (capsid-associated tegument protein), UL19 (VP5), UL6 (portal)",Salmon et al. (1998) J Virol 72:3779-3788; Taus et al. (1998) Virology 250:257-267,9557677,10.1128/jvi.72.5.3779-3788.1998,Direct Experimental / Literature Curation,High,Late (gamma-1) CATC subunit.
YP_009137092.1,NC_001806.2,UL18,Late,Gamma-2,verified,318,Capsid triplex subunit 2 (VP23); heterotrimerizes with two copies of UL38 (VP19C) to form the triplex structures (1:2 ratio) that link hexon and penton capsomers in the capsid shell.,capsid/structural,Nucleus (capsid assembly sites),Assembly and structural stability of the icosahedral procapsid shell.,"UL38 (triplex subunit 1 / VP19C), UL19 (VP5 major capsid protein)",Patel & MacLean (1995) Virology 206:1106-1112; Dai & Zhou (2018) Science 360:eaao7298,7750031,10.1006/viro.1995.1034,Direct Experimental / Literature Curation,High,True late (gamma-2) core structural protein.
YP_009137093.1,NC_001806.2,UL19,Late,Gamma-2,verified,1374,"Major capsid protein (VP5, 149 kDa); primary structural building block forming 150 hexons and 11 pentons of the icosahedral capsid shell (960 copies per virion).",capsid/structural,Nucleus (capsid assembly factories),Self-assembly into procapsids; virion structural integrity.,"UL18/UL38 (triplexes), UL26/UL26.5 (scaffolding proteins), UL6 (portal)",Costa et al. (1981) J Virol 38:483-496; Dai & Zhou (2018) Science 360:eaao7298,6271960,10.1128/jvi.38.2.483-496.1981,Direct Experimental / Literature Curation,High,True late (gamma-2) major structural hallmark; 100% correct in supervised classification.
YP_009137094.1,NC_001806.2,UL20,Late,Gamma-2,verified,222,"Multi-pass transmembrane envelope protein UL20; forms an essential functional complex with glycoprotein K (UL53/gK), required for primary envelopement at the inner nuclear membrane and secondary envelopment.",nuclear egress,"Nuclear envelope, endoplasmic reticulum, trans-Golgi network, plasma membrane",Primary and secondary viral envelopment and egress.,"UL53 (glycoprotein K / gK), UL31/UL34 (nuclear egress complex)",Baines et al. (1991) J Virol 65:6414-6424; Ward et al. (1994) J Virol 68:7406-7414,1656094,10.1128/jvi.65.12.6414-6424.1991,Direct Experimental / Literature Curation,High,Late (gamma-2) membrane protein.
YP_009137095.1,NC_001806.2,UL21,Late,Gamma-1,verified,535,Tegument protein UL21; promotes microtubule-dependent retrograde and anterograde capsid transport in neurons and interacts with UL16/UL11 during envelopment.,tegument,Cytoplasm and nucleus; virion tegument,Intracellular transport of viral capsids and secondary envelopment.,"UL16 (tegument), cytoplasmic dynein / kinesin motors",de Wind et al. (1992) J Virol 66:5200-5209; Benedyk et al. (2020) J Virol 94:e00898-20,1323696,10.1128/jvi.66.9.5200-5209.1992,Direct Experimental / Literature Curation,High,Late (gamma-1) tegument transport protein.
YP_009137096.1,NC_001806.2,UL22,Late,Gamma-1,verified,838,"Envelope glycoprotein H (gH); core component of the conserved herpesvirus entry and fusion machinery, complexing with gL (UL1) to activate gB (UL27) during membrane fusion.",envelope/glycoprotein,Virion envelope and plasma membrane,Viral entry and cell-to-cell fusion.,"UL1 (gL), UL27 (gB), host integrins and receptors",Gompels & Minson (1986) Virology 153:230-247; Chowdary et al. (2010) Science 327:606-610,3014168,10.1016/0042-6822(86)90026-9,Direct Experimental / Literature Curation,High,Late (gamma-1) essential fusion glycoprotein.
YP_009137097.1,NC_001806.2,UL23,Early,N/A,verified,376,"Thymidine kinase (TK); phosphorylates thymidine and deoxycytidine into dTMP and dCMP, and activates nucleoside antiviral prodrugs (acyclovir, ganciclovir).",nucleotide metabolism,Cytoplasm and nucleus,Salvage pathway pyrimidine nucleotide synthesis in quiescent neurons.,"Thymidine, purine/pyrimidine analogs (acyclovir)",Wagner et al. (1981) PNAS 78:1441-1445; Summers & Summers (1977) J Virol 24:314-318,6262793,10.1073/pnas.78.3.1441,Direct Experimental / Literature Curation,High,Early (beta) metabolic enzyme and primary pharmacological drug target.
YP_009137098.1,NC_001806.2,UL24,Late,Gamma-2,verified,269,"Nuclear protein UL24; induces dispersion of nucleolar proteins (B23, nucleolin), modulates syncytium formation, and participates in nuclear egress.",host-interaction/regulatory,Nucleus (nucleolus) and nuclear envelope,Nucleolar morphology alteration; viral egress modulation.,Host nucleolar proteins (B23/nucleophosmin),Jacobson et al. (1998) J Virol 72:3325-3334; Lymberopoulos & Pearson (2007) J Virol 81:12564-12572,9525660,10.1128/jvi.72.4.3325-3334.1998,Direct Experimental / Literature Curation,High,Late (gamma-2) protein; non-structural regulatory role contributes to early-like computational classification.
YP_009137099.1,NC_001806.2,UL25,Late,Gamma-1,verified,580,Minor capsid-associated tegument protein (CATC/CVCR); binds capsid vertices to anchor packaged viral DNA inside capsids and trigger nuclear pore docking for genome uncoating.,DNA packaging,Nucleus (capsid vertices) and nuclear pores,DNA retention in capsids; genome uncoating at nuclear pores upon entry.,"UL17 (CATC), UL19 (VP5), Nup214 / Nup358 at host nuclear pore",Ali et al. (1996) J Virol 70:5258-5267; Pasdeloup et al. (2009) Traffic 10:1082-1092,8627776,10.1128/jvi.70.8.5258-5267.1996,Direct Experimental / Literature Curation,High,Late (gamma-2) capsid stabilization factor.
YP_009137100.1,NC_001806.2,UL26,Late,Gamma-2,verified,635,Capsid maturation serine protease (VP24/VP21); auto-cleaves to liberate the active VP24 protease domain which cleaves scaffolding proteins to permit DNA packaging into procapsids.,capsid/structural,Nucleus (capsid assembly sites),Procapsid scaffolding maturation and core evacuation.,"UL26.5 (scaffold protein), UL19 (VP5)",Preston et al. (1992) J Virol 66:6489-6497; Robertson et al. (1996) J Virol 70:3717-3721,1404505,10.1128/jvi.66.11.6489-6497.1992,Direct Experimental / Literature Curation,High,True late (gamma-2) protease.
YP_009137101.1,NC_001806.2,UL26.5,Late,Gamma-2,verified,329,Major capsid scaffolding protein (VP22a); self-assembles into an internal spherical scaffold that templates VP5 hexon/penton assembly into spherical B-procapsids.,capsid/structural,Nucleus (capsid assembly factories),Procapsid shell scaffolding assembly.,"UL19 (VP5), UL26 (protease)",Preston et al. (1992) J Virol 66:6489-6497; Newcomb et al. (1996) J Mol Biol 263:432-446,1404505,10.1128/jvi.66.11.6489-6497.1992,Direct Experimental / Literature Curation,High,True late (gamma-2) major scaffold protein.
YP_009137102.1,NC_001806.2,UL27,Late,Gamma-1,verified,904,Envelope glycoprotein B (gB); class III viral fusion protein executing the ultimate lipid bilayer fusion step during entry and cell-to-cell spread.,envelope/glycoprotein,Virion envelope and plasma membrane,Membrane fusion pore formation during host cell penetration.,"gH/gL complex (UL22/UL1), host PILRalpha, NMHC-IIA, myelin-associated glycoprotein",Heldwein et al. (2006) Science 313:217-220; Spear (2004) Cell Microbiol 6:401-410,16840698,10.1126/science.1126548,Direct Experimental / Literature Curation,High,Late (gamma-1) major entry glycoprotein.
YP_009137103.1,NC_001806.2,UL28,Late,Gamma-2,verified,785,DNA packaging terminase subunit 2; bridges UL15 and UL33 and recognizes viral pac packaging DNA sequences for cleavage.,DNA packaging,Nucleus (capsid assembly sites),Viral DNA sequence-specific packaging.,"UL15 (terminase subunit 1), UL33 (terminase subunit 3), viral pac DNA",Tengelsen et al. (1993) J Virol 67:3470-3480; Yu & Weller (1998) J Virol 72:7428-7439,8388506,10.1128/jvi.67.6.3470-3480.1993,Direct Experimental / Literature Curation,High,True late (gamma-2) terminase factor.
YP_009137104.1,NC_001806.2,UL29,Early,N/A,verified,1196,"Major single-stranded DNA-binding protein (ICP8, 128 kDa); coats ssDNA during replication, organizes nuclear replication compartments, and promotes strand exchange.",DNA replication,Nucleus (prereplicative sites and replication compartments),Core component of viral DNA replication machinery.,"UL30 (DNA polymerase), UL9 (OBP), UL12 (alkaline nuclease), UL5/8/52",Conley et al. (1981) J Virol 37:191-206; Weller et al. (1983) J Virol 45:354-366,6257913,10.1128/jvi.37.1.191-206.1981,Direct Experimental / Literature Curation,High,Early (beta) replication hallmark.
YP_009137105.1,NC_001806.2,UL30,Early,N/A,verified,1235,DNA polymerase catalytic subunit (136 kDa); executes high-fidelity 5'-to-3' DNA synthesis with intrinsic 3'-to-5' proofreading exonuclease activity.,DNA replication,Nucleus (replication compartments),Viral genome replication.,"UL42 (processivity factor), UL29 (ICP8), UL2 (UDG)",Gibbs et al. (1985) PNAS 82:7969-7973; Digard et al. (1993) J Virol 67:398-406,2999787,10.1073/pnas.82.23.7969,Direct Experimental / Literature Curation,High,Early (beta) primary replicative polymerase.
YP_009137106.1,NC_001806.2,UL31,Late,Gamma-2,verified,306,"Nuclear egress protein UL31; complexes with inner nuclear membrane protein UL34 to form the Nuclear Egress Complex (NEC), driving primary budding of capsids through the inner nuclear membrane.",nuclear egress,Inner nuclear membrane (nuclear envelope),Primary capsid envelopment and nuclear egress.,"UL34 (nuclear egress protein), capsids, host lamin A/C, protein kinase C",Chang et al. (1997) J Virol 71:8307-8315; Bigalke & Heldwein (2015) Cell 160:1107-1119,9349463,10.1128/jvi.71.11.8307-8315.1997,Direct Experimental / Literature Curation,High,Late (gamma-1) nuclear egress factor.
YP_009137107.1,NC_001806.2,UL32,Late,Gamma-2,verified,596,Cleavage and packaging protein UL32; essential for viral DNA cleavage/packaging and capsid envelopment.,DNA packaging,Nucleus and cytoplasmic membranes,DNA packaging and egress.,Unresolved in consulted sources,Lamberti & Weller (1998) J Virol 72:2463-2473; Roizman et al. (2013) Fields Virology,9499104,10.1128/jvi.72.3.2463-2473.1998,Direct Experimental / Literature Curation,High,Late (gamma-2) packaging protein.
YP_009137108.1,NC_001806.2,UL33,Late,Gamma-2,verified,130,"DNA packaging terminase subunit 3; essential component of the tripartite terminase complex, stabilizing the UL15/UL28 interaction.",DNA packaging,Nucleus (capsid assembly sites),DNA encapsidation motor function.,"UL15 (terminase subunit 1), UL28 (terminase subunit 2)",Beard et al. (2002) J Virol 76:4785-4791; Yu & Weller (1998) J Virol 72:7428-7439,11967295,10.1128/jvi.76.10.4785-4791.2002,Direct Experimental / Literature Curation,High,Late (gamma-2) terminase complex subunit.
YP_009137109.1,NC_001806.2,UL34,Late,Gamma-2,verified,275,Inner nuclear membrane egress protein UL34; type II integral membrane protein complexing with UL31 to form the hexameric NEC lattice.,nuclear egress,Inner nuclear membrane,Primary capsid envelopment.,"UL31 (NEC subunit), US3 (protein kinase)",Roller et al. (2000) J Virol 74:117-129; Bigalke & Heldwein (2015) Cell 160:1107-1119,10627535,10.1128/jvi.74.1.117-129.2000,Direct Experimental / Literature Curation,High,Late (gamma-1) integral membrane NEC protein.
YP_009137110.1,NC_001806.2,UL35,Late,Gamma-2,verified,112,Capsid vertex-specific protein (VP26); small protein decorating the outer tips of all 150 hexon capsomers (900 copies per capsid).,capsid/structural,Nucleus; virion capsid surface,Microtubule retrograde transport in axons.,"UL19 (VP5), host dynein light chains (DYNLT1/RP3, DYNLL1/LC8)",Booy et al. (1994) PNAS 91:5652-5656; Douglas et al. (2004) Nat Cell Biol 6:521-528,8202542,10.1073/pnas.91.12.5652,Direct Experimental / Literature Curation,High,True late (gamma-2) small outer capsid protein.
YP_009137111.1,NC_001806.2,UL36,Late,Gamma-1,verified,3139,"Large tegument protein (VP1/2, 3,139 aa, 336 kDa); largest viral protein, serving as the master structural hub linking the outer capsid to the tegument and anchoring dynein/kinesin motors for axonal transport.",tegument,"Capsid-tegument interface, cytoplasm, nuclear pore complex","Retrograde/anterograde axonal transport, nuclear pore docking, genome injection, and secondary envelopment.","UL37 (tegument), UL25 (CATC), host dynein/kinesin, nuclear pore proteins (Nup358, Nup214)",McNabb & Courtney (1992) J Virol 66:2655-2663; Sandbaumhuter et al. (2013) PLoS Pathog 9:e1003230,1314958,10.1128/jvi.66.5.2655-2663.1992,Direct Experimental / Literature Curation,High,"Late (gamma-1) giant structural/regulatory hub (3,139 aa); classified as moderate-margin error (Delta p = 0.333)."
YP_009137112.1,NC_001806.2,UL37,Late,Gamma-1,verified,1123,"Tegument protein UL37; forms an obligate complex with UL36 at capsid vertices, required for directional axonal transport and secondary envelopment.",tegument,"Capsid-tegument interface, cytoplasm",Axonal transport and secondary envelopment.,"UL36 (large tegument protein), host dystonin, cellular motors",Albright et al. (1999) J Virol 73:8000-8004; Coller et al. (2007) J Virol 81:11790-11797,10482542,10.1128/jvi.73.10.8000-8004.1999,Direct Experimental / Literature Curation,High,Late (gamma-1) tegument protein.
YP_009137113.1,NC_001806.2,UL38,Late,Gamma-2,verified,465,Capsid triplex subunit 1 (VP19C); forms the base of the triplex heterotrimer with two copies of VP23 (UL18).,capsid/structural,Nucleus (capsid assembly sites),Procapsid assembly and capsid stabilization.,"UL18 (VP23), UL19 (VP5)",Patel et al. (1995) Virology 206:1106-1112; Dai & Zhou (2018) Science 360:eaao7298,7750031,10.1006/viro.1995.1034,Direct Experimental / Literature Curation,High,True late (gamma-2) core structural protein.
YP_009137114.1,NC_001806.2,UL39,Early,N/A,verified,1137,"Ribonucleotide reductase large subunit 1 (ICP6, 124 kDa); converts ribonucleotides to deoxyribonucleotides (dNTPs) for DNA replication; contains an N-terminal RHIM domain that inhibits host necroptosis (RIPK1/RIPK3).",nucleotide metabolism,Cytoplasm and nucleus,De novo dNTP biosynthesis and inhibition of host programmed necrosis.,"UL40 (RR subunit 2), host RIPK1, RIPK3, caspase-8",Preston et al. (1984) J Virol 52:102-109; Wang et al. (2014) Cell 152:1020-1032,6090685,10.1128/jvi.52.1.102-109.1984,Direct Experimental / Literature Curation,High,Early (beta) multifunctional metabolic and anti-necroptotic protein.
YP_009137115.1,NC_001806.2,UL40,Early,N/A,verified,340,"Ribonucleotide reductase small subunit 2 (RR2, 38 kDa); forms the active alpha2-beta2 tetrameric holoenzyme with UL39/ICP6 containing the binuclear iron center.",nucleotide metabolism,Cytoplasm,dNTP pool generation during viral replication.,UL39 (RR subunit 1 / ICP6),Cohen et al. (1985) J Virol 55:289-299; Roizman et al. (2013) Fields Virology,2991578,10.1128/jvi.55.2.289-299.1985,Direct Experimental / Literature Curation,High,Early (beta) small subunit of ribonucleotide reductase.
YP_009137116.1,NC_001806.2,UL41,Late,Gamma-1,verified,489,"Virion host shutoff (vhs) endoribonuclease; packaged into the tegument and released into host cytoplasm upon entry to non-specifically cleave host and viral mRNAs, shutting off host protein synthesis.",host-interaction/regulatory,Cytoplasm (mRNA decay sites) and virion tegument,Immediate host translational shutoff and viral mRNA turnover.,"Host eIF4AI, eIF4AII, eIF4H, UL48/VP16, UL47/VP13/14",Read & Frenkel (1983) J Virol 46:498-512; Kwong et al. (1988) J Virol 62:912-921,6300086,10.1128/jvi.46.2.498-512.1983,Direct Experimental / Literature Curation,High,"Late (gamma-1) expression, but functions immediately upon uncoating (high-confidence error Delta p = 0.352)."
YP_009137117.1,NC_001806.2,UL42,Early,N/A,verified,488,DNA polymerase processivity factor (65 kDa); binds double-stranded DNA directly and forms a high-affinity stoichiometric complex with UL30 catalytic subunit to ensure processive replication.,DNA replication,Nucleus (replication compartments),Processive viral genome elongation.,"UL30 (DNA polymerase catalytic subunit), dsDNA",Parris et al. (1988) J Virol 62:869-875; Gottlieb et al. (1990) J Virol 64:5976-5987,2828678,10.1128/jvi.62.3.869-875.1988,Direct Experimental / Literature Curation,High,Early (beta) essential replication factor.
YP_009137118.1,NC_001806.2,UL43,Late,Gamma-2,verified,417,Multi-pass transmembrane protein UL43; non-essential membrane protein involved in membrane fusion regulation.,envelope/glycoprotein,Plasma membrane and intracellular membranes,Regulation of membrane fusion.,Unresolved in consulted sources,MacLean et al. (1991) J Gen Virol 72:897-906; Roizman et al. (2013) Fields Virology,1849556,10.1099/0022-1317-72-4-897,Direct Experimental / Literature Curation,High,Late (gamma-1) multi-pass membrane protein.
YP_009137119.1,NC_001806.2,UL44,Late,Conflicting,conflicting,511,Envelope glycoprotein C (gC); binds host cell surface heparan sulfate proteoglycans (HSPGs) for initial attachment and binds host complement component C3b to inhibit complement activation.,envelope/glycoprotein,Virion envelope and plasma membrane,Initial viral attachment to host cells; complement evasion.,"Cellular heparan sulfate proteoglycans, host complement C3b",Frink et al. (1983) J Virol 45:634-647; Kostavasili et al. (1997) J Virol 71:7450-7457,6296435,10.1128/jvi.45.2.634-647.1983,Direct Experimental / Literature Curation,High,Primary class Late; subclass annotated as Conflicting (gamma-1/gamma-2) in literature; strictly preserved.
YP_009137120.1,NC_001806.2,UL45,Late,Gamma-2,verified,172,Envelope protein UL45; single-pass transmembrane protein involved in cell-to-cell fusion.,envelope/glycoprotein,Virion envelope and plasma membrane,Modulation of viral membrane fusion.,UL27 (gB),Haanes et al. (1994) J Virol 68:5825-5834; Roizman et al. (2013) Fields Virology,8057463,10.1128/jvi.68.9.5825-5834.1994,Direct Experimental / Literature Curation,High,Late (gamma-1) transmembrane protein.
YP_009137121.1,NC_001806.2,UL46,Late,Gamma-1,verified,718,"Outer tegument protein VP11/12 (UL46); activates host Src family kinases, modulates Akt and PI3K pathways, and cooperates with VP16.",tegument,Cytoplasm and nucleus; virion tegument,Host signaling reprogramming and tegument delivery.,"Host Src family kinases (Lck, Lyn, Fyn), VP16 (UL48)",McNabb & Courtney (1992) J Virol 66:2655-2663; Wagner & Smiley (2011) J Virol 85:2804-2814,1314958,10.1128/jvi.66.5.2655-2663.1992,Direct Experimental / Literature Curation,High,Late (gamma-1) major tegument protein.
YP_009137122.1,NC_001806.2,UL47,Late,Gamma-1,verified,693,"Major outer tegument protein VP13/14 (UL47); shuttles between nucleus and cytoplasm, binds RNA, enhances VP16 transactivation, and modulates vhs (UL41) activity.",tegument,"Nucleus, cytoplasm, and virion tegument",Enhancement of immediate-early gene expression and tegument assembly.,"VP16 (UL48), UL41 (vhs), cellular transport factors (CRM1)",McLean et al. (1982) J Gen Virol 63:65-74; Donnelly et al. (2007) J Virol 81:2297-2308,6296294,10.1099/0022-1317-63-1-65,Direct Experimental / Literature Curation,High,Late (gamma-1) abundant tegument component.
YP_009137123.1,NC_001806.2,UL48,Late,Gamma-1,verified,490,"Major tegument transactivator protein VP16 (alpha-TIF, 490 aa); complexes with host HCF-1 and Oct-1 on TAATGARAT promoter elements to robustly transactivate all five viral Immediate-Early (alpha) genes.",transcriptional/regulatory,Nucleus during early transactivation; cytoplasm during virion assembly,Initiation of the entire viral transcriptional cascade upon entry.,"Host Oct-1 (POU2F1), HCF-1 (HCFC1), TFIID, TFIIB, UL41 (vhs), UL46, UL47",Campbell et al. (1984) J Mol Biol 180:1-19; Stern & Herr (1991) Genes Dev 5:2555-2566,6096564,10.1016/0022-2836(84)90427-4,Direct Experimental / Literature Curation,High,"Expressed late (gamma-1), but acts at the immediate-early boundary upon delivery via tegument."
YP_009137124.1,NC_001806.2,UL49,Late,Gamma-1,verified,301,"Major tegument protein VP22 (301 aa); binds microtubules and viral mRNA, interacts with UL48 and UL16, and promotes efficient secondary envelopement.",tegument,"Cytoplasm (microtubules), nucleus, and virion tegument",Tegument bridge assembly and cytoplasmic secondary envelopment.,"UL16 (tegument), UL48 (VP16), cellular microtubules",Elliott & O'Hare (1997) Cell 88:223-233; O'Regan et al. (2007) J Virol 81:13185-13195,9008163,10.1016/s0092-8674(00)81843-8,Direct Experimental / Literature Curation,High,Late (gamma-1) major tegument protein; computationally difficult (moderate-margin error Delta p = 0.335).
YP_009137125.1,NC_001806.2,UL49A,Late,Gamma-1,verified,91,"Envelope glycoprotein N (gN, 91 aa); small single-pass transmembrane glycoprotein that forms a functional disulfide-bonded heterodimer with gM (UL10).",envelope/glycoprotein,Trans-Golgi network and virion envelope,Secondary envelopment and modulation of membrane fusion.,UL10 (glycoprotein M / gM),Baines et al. (2007) J Virol 81:7805-7809; Roizman et al. (2013) Fields Virology,17494068,10.1128/jvi.00415-07,Direct Experimental / Literature Curation,High,Late (gamma-1) small glycoprotein.
YP_009137126.1,NC_001806.2,UL50,Early,N/A,verified,371,Deoxyuridine 5'-triphosphate nucleotidohydrolase (dUTPase); hydrolyzes dUTP to dUMP to provide substrate for thymidylate synthase and prevent uracil misincorporation into DNA.,nucleotide metabolism,Cytoplasm and nucleus,Nucleotide pool regulation and DNA replication fidelity in terminally differentiated neurons.,"dUTP, Mg2+",Caradonna & Cheng (1980) J Biol Chem 255:2293-2300; Wohlrab & Francke (1980) PNAS 77:1872-1876,6245136,10.1016/S0021-9258(19)85888-9,Direct Experimental / Literature Curation,High,Early (beta) metabolic enzyme.
YP_009137127.1,NC_001806.2,UL51,Late,Gamma-1,verified,244,Tegument protein UL51; palmitoylated membrane-associated protein that binds UL7 to form a complex required for secondary envelopment and cell-to-cell spread.,tegument,"Golgi apparatus, cytoplasmic membranes, and virion tegument",Secondary envelopment and viral egress.,"UL7 (tegument), ESCRT machinery",Nozawa et al. (2005) J Virol 79:9942-9950; Albecka et al. (2017) J Virol 91:e00897-17,16014954,10.1128/jvi.79.15.9942-9950.2005,Direct Experimental / Literature Curation,High,Late (gamma-1) membrane-associated tegument protein.
YP_009137128.1,NC_001806.2,UL52,Early,N/A,verified,1058,Primase catalytic subunit of the helicase-primase complex (UL5/UL8/UL52); synthesizes short RNA primers (8-10 nt) on the lagging strand during viral DNA replication.,DNA replication,Nucleus (replication compartments),Lagging strand primer synthesis during viral DNA replication.,"UL5 (helicase), UL8 (primase accessory subunit), zinc ions",Crute et al. (1989) PNAS 86:2186-2189; Killeen & Weller (2008) J Virol 82:4676-4682,2538836,10.1073/pnas.86.7.2186,Direct Experimental / Literature Curation,High,Early (beta) catalytic primase subunit; computationally difficult due to large multidomain primase fold.
YP_009137129.1,NC_001806.2,UL53,Late,Gamma-1,verified,338,"Envelope glycoprotein K (gK); regulates gB-mediated cell-surface membrane fusion, syncytium formation, and works with UL20 for virion envelopment.",envelope/glycoprotein,"Endoplasmic reticulum, nuclear envelope, and virion envelope",Regulation of membrane fusion and nuclear egress.,"UL20 (membrane protein), UL27 (gB)",Hutchinson et al. (1992) J Virol 66:2240-2250; Foster et al. (2001) J Virol 75:12431-12438,1312632,10.1128/jvi.66.4.2240-2250.1992,Direct Experimental / Literature Curation,High,Late (gamma-2) multi-pass envelope glycoprotein.
YP_009137130.1,NC_001806.2,UL54,Immediate-Early,N/A,verified,512,"Multifunctional Immediate-Early regulatory protein ICP27 (alpha27); modulates viral and host pre-mRNA splicing, polyadenylation, and exports intronless viral mRNAs via TAP/NXF1.",transcriptional/regulatory,Nucleus (nuclear speckles) and cytoplasm (shuttling),Post-transcriptional regulation and transition from Early to Late viral gene expression.,"Host TAP/NXF1, Aly/REF, RNA polymerase II, SRPK1",Rice & Knipe (1988) J Virol 62:3814-3823; Sandri-Goldin (2008) J Virol 82:2108-2119,2843936,10.1128/jvi.62.10.3814-3823.1988,Direct Experimental / Literature Curation,High,Canonical alpha immediate-early post-transcriptional regulator.
YP_009137131.1,NC_001806.2,UL55,Late,Gamma-2,verified,186,Nuclear protein UL55; non-essential nuclear protein with putative role in viral transcription or latency.,host-interaction/regulatory,Nucleus,Modulation of viral replication in specific cell types.,Unresolved in consulted sources,Barker & Roizman (1990) J Virol 64:5642-5646; Roizman et al. (2013) Fields Virology,2170685,10.1128/jvi.64.11.5642-5646.1990,Direct Experimental / Literature Curation,High,Late (gamma-2) protein.
YP_009137132.1,NC_001806.2,UL56,Late,Gamma-2,verified,234,Type II membrane protein UL56; interacts with host Nedd4 family E3 ubiquitin ligases and modulates neuroinvasiveness.,host-interaction/regulatory,"Cytoplasmic vesicles, Golgi apparatus, and plasma membrane",Pathogenicity and neuroinvasiveness.,Host Nedd4 E3 ligase,Koshizuka et al. (2002) J Virol 76:11334-11344; Roizman et al. (2013) Fields Virology,12388694,10.1128/jvi.76.22.11334-11344.2002,Direct Experimental / Literature Curation,High,Late (gamma-2) membrane protein.
YP_009137135.1,NC_001806.2,RS1,Immediate-Early,N/A,verified,1298,"Major Immediate-Early essential transcriptional transactivator ICP4 (alpha4, 1,298 aa); homodimeric DNA-binding master regulator that represses alpha promoters while transactivating beta (Early) and gamma (Late) genes by recruiting host TFIID and Mediator.",transcriptional/regulatory,Nucleus (prereplicative and replication compartments),Master genetic switch driving the transition from Immediate-Early to Early and Late viral gene transcription.,"Host TBP, TFIID, TFIIB, Mediator complex, viral DNA consensus promoters",Preston (1979) J Virol 29:275-284; DeLuca & Schaffer (1985) Mol Cell Biol 5:1997-2008,219159,10.1128/jvi.29.1.275-284.1979,Direct Experimental / Literature Curation,High,Canonical alpha immediate-early master regulator; 100% correct in supervised classification.
YP_009137136.1,NC_001806.2,US1,Immediate-Early,N/A,verified,420,Immediate-Early regulatory protein ICP22 (alpha22); induces aberrant phosphorylation of RNA polymerase II (loss of Ser2 phosphorylation) to reprogram host transcriptional machinery toward late viral promoters.,transcriptional/regulatory,Nucleus,Host RNA polymerase II modification; promotion of optimal late gene expression.,"Host RNA polymerase II, CDK9, cyclin T1, UL13 kinase",Post & Roizman (1981) Cell 25:227-232; Rice et al. (1995) J Virol 69:5550-5559,6268307,10.1016/0092-8674(81)90505-8,Direct Experimental / Literature Curation,High,Canonical alpha immediate-early regulatory protein.
YP_009137137.1,NC_001806.2,US2,Late,Gamma-2,verified,291,Tegument/membrane-associated protein US2; interacts with cellular non-muscle myosin IIA and modulates viral egress.,tegument,Cytoplasm and plasma membrane,Viral cytoplasmic trafficking.,Host non-muscle myosin IIA (MYH9),Roller et al. (2000) J Virol 74:117-129; Roizman et al. (2013) Fields Virology,10627535,10.1128/jvi.74.1.117-129.2000,Direct Experimental / Literature Curation,High,Late (gamma-1) tegument protein.
YP_009137138.1,NC_001806.2,US3,Early,N/A,verified,481,"Serine/threonine protein kinase US3; phosphorylates lamin A/C and emerin to disrupt the nuclear lamina during nuclear egress, blocks host apoptosis (Bcl-2 pathway), and suppresses histone deacetylase activity.",kinase,"Nucleus, inner nuclear membrane, and cytoplasm","Nuclear egress facilitation, inhibition of host apoptosis, and immune evasion.","Host lamin A/C, emerin, Bad, caspase-3, UL31, UL34",Purves et al. (1987) J Virol 61:2896-2901; Reynolds et al. (2001) J Virol 75:8803-8817,2818074,10.1128/jvi.61.9.2896-2901.1987,Direct Experimental / Literature Curation,High,Early (beta) kinase with major roles in both early anti-apoptotic defense and late nuclear egress.
YP_009137139.1,NC_001806.2,US4,Late,Gamma-1,verified,238,"Envelope glycoprotein G (gG); chemokine-binding protein that binds and neutralizes host chemokines (CXCL12, CCL28) to inhibit immune cell recruitment.",envelope/glycoprotein,"Virion envelope, plasma membrane, and extracellular secreted form",Immune evasion via chemokine blockade.,"Host chemokines (CXCL12, CCL28, CCL7)",Richman et al. (1986) J Virol 57:647-655; Bryant et al. (2003) EMBO J 22:833-841,3003387,10.1128/jvi.57.2.647-655.1986,Direct Experimental / Literature Curation,High,Late (gamma-1) envelope glycoprotein.
YP_009137140.1,NC_001806.2,US5,Late,Gamma-1,verified,92,Envelope glycoprotein J (gJ); inhibits host natural killer (NK) cell activation and apoptosis.,envelope/glycoprotein,Virion envelope and plasma membrane,Inhibition of host cell-mediated immune responses.,Unresolved in consulted sources,Ghiasi et al. (1998) J Virol 72:3315-3324; Roizman et al. (2013) Fields Virology,9525659,10.1128/jvi.72.4.3315-3324.1998,Direct Experimental / Literature Curation,High,Late (gamma-1) glycoprotein.
YP_009137141.1,NC_001806.2,US6,Late,Gamma-1,verified,394,"Envelope glycoprotein D (gD); essential receptor-binding trigger that engages host receptors (HVEM, Nectin-1, 3-O-sulfated heparan sulfate) to activate the gH/gL/gB fusion complex.",envelope/glycoprotein,Virion envelope and plasma membrane,Specific host cell receptor recognition and viral entry initiation.,"Host HVEM (TNFRSF14), Nectin-1 (PVRL1), 3-O-sulfated heparan sulfate, gH/gL",Montgomery et al. (1996) Cell 87:427-436; Carfi et al. (2001) Mol Cell 8:169-179,8898196,10.1016/s0092-8674(00)81363-0,Direct Experimental / Literature Curation,High,Late (gamma-1) primary entry receptor-binding glycoprotein.
YP_009137142.1,NC_001806.2,US7,Late,Gamma-1,verified,390,"Envelope glycoprotein I (gI); forms a heterodimeric Fc receptor complex with glycoprotein E (US8/gE), required for basolateral cell-to-cell spread in polarized epithelial cells and neurons.",envelope/glycoprotein,Virion envelope and plasma membrane,Anterograde axonal spread and cell-to-cell spread.,"US8 (glycoprotein E / gE), host IgG Fc domain",Johnson & Feenstra (1987) J Virol 61:2208-2216; Dingwell et al. (1994) J Virol 68:834-845,3035222,10.1128/jvi.61.7.2208-2216.1987,Direct Experimental / Literature Curation,High,Late (gamma-1) heterodimeric spread glycoprotein.
YP_009137143.1,NC_001806.2,US8,Late,Gamma-1,verified,550,"Envelope glycoprotein E (gE); complexes with gI (US7) to mediate anterograde axonal transport in neurons, directional cell-to-cell spread across junctions, and host IgG Fc receptor binding for antibody bipolar bridging.",envelope/glycoprotein,"Virion envelope, plasma membrane, and trans-Golgi network","Anterograde transport, cell junction spread, and immune evasion.","US7 (gI), host IgG Fc domain, kinesin motors",Johnson et al. (1988) J Virol 62:1347-1354; Dingwell et al. (1994) J Virol 68:834-845,2831398,10.1128/jvi.62.4.1347-1354.1988,Direct Experimental / Literature Curation,High,Late (gamma-1) major spread and Fc-receptor glycoprotein.
YP_009137144.1,NC_001806.2,US8A,Late,Gamma-2,verified,159,Membrane protein US8A; small transmembrane protein involved in viral cell-to-cell spread.,envelope/glycoprotein,Plasma membrane,Modulation of viral spread.,Unresolved in consulted sources,Georgopoulou et al. (1993) J Gen Virol 74:2495-2503; Roizman et al. (2013) Fields Virology,8245842,10.1099/0022-1317-74-11-2495,Direct Experimental / Literature Curation,High,Late (gamma-1) small membrane protein.
YP_009137145.1,NC_001806.2,US9,Late,Gamma-2,verified,90,Tegument/type II tail-anchored membrane protein US9; essential for anterograde axonal transport of viral capsids and glycoproteins toward neuronal axon terminals by recruiting kinesin-3 (KIF1A).,tegument,"Trans-Golgi network, cytoplasmic vesicles, and axonal membranes",Anterograde axonal sorting and transport in sensory neurons.,"Host kinesin-3 motor KIF1A, gE/gI complex (US8/US7)",Brideau et al. (2000) J Virol 74:728-735; Kratchmarov et al. (2013) J Virol 87:12531-12540,10623740,10.1128/jvi.74.2.728-735.2000,Direct Experimental / Literature Curation,High,Late (gamma-1) axonal sorting protein.
YP_009137146.1,NC_001806.2,US10,Late,Gamma-2,verified,312,Capsid/tegument zinc-finger protein US10; binds RNA and associates with capsids.,tegument,Nucleus and virion tegument,Virion assembly and RNA association.,Unresolved in consulted sources,Haarr et al. (1998) J Virol 72:48-58; Roizman et al. (2013) Fields Virology,9420200,10.1128/jvi.72.1.48-58.1998,Direct Experimental / Literature Curation,High,Late (gamma-1) zinc-binding tegument protein.
YP_009137147.1,NC_001806.2,US11,Late,Gamma-1,verified,161,"Tegument double-stranded RNA-binding protein US11; prevents PKR activation and eIF2alpha phosphorylation late in infection, and promotes microtubule-dependent transport.",tegument,"Nucleus (nucleolus), cytoplasm, and virion tegument",Inhibition of host PKR antiviral response; post-transcriptional RNA regulation.,"Double-stranded RNA, host PKR (EIF2AK2), kinesin heavy chain (KIF5B)",Roller & Roizman (1992) J Virol 66:3624-3632; Mohr et al. (2001) PNAS 98:14392-14397,1316474,10.1128/jvi.66.6.3624-3632.1992,Direct Experimental / Literature Curation,High,True late (gamma-2) dsRNA-binding protein.
YP_009137148.1,NC_001806.2,US12,Immediate-Early,N/A,verified,88,"Immediate-Early peptide ICP47 (alpha47, 88 aa); high-affinity competitor that binds the cytosolic peptide-binding site of host TAP (transporter associated with antigen processing), blocking peptide translocation into the ER and preventing MHC class I antigen presentation.",transcriptional/regulatory,Cytoplasm (associated with cytosolic face of ER membrane),Immune evasion: inhibition of CD8+ cytotoxic T lymphocyte (CTL) surveillance.,Host TAP1 and TAP2 transporter heterodimer (ABCB2/ABCB3),York et al. (1994) Cell 77:525-535; Fruh et al. (1995) Nature 375:415-418,8187176,10.1016/0092-8674(94)90215-4,Direct Experimental / Literature Curation,High,Canonical alpha immediate-early protein; small (88 aa) non-enzymatic inhibitor (high-confidence error Delta p = 0.669).
