representation,K,seed_1,seed_2,assignment_ARI
Physicochemical,2,42,123,1.0
Physicochemical,2,42,456,1.0
Physicochemical,2,42,789,1.0
Physicochemical,2,42,2026,1.0
Physicochemical,2,123,456,1.0
Physicochemical,2,123,789,1.0
Physicochemical,2,123,2026,1.0
Physicochemical,2,456,789,1.0
Physicochemical,2,456,2026,1.0
Physicochemical,2,789,2026,1.0
Physicochemical,3,42,123,1.0
Physicochemical,3,42,456,0.8789289929924347
Physicochemical,3,42,789,0.917458771171034
Physicochemical,3,42,2026,0.9578374301219015
Physicochemical,3,123,456,0.8789289929924347
Physicochemical,3,123,789,0.917458771171034
Physicochemical,3,123,2026,0.9578374301219015
Physicochemical,3,456,789,0.9580336439351236
Physicochemical,3,456,2026,0.9176516704673078
Physicochemical,3,789,2026,0.9579116184502001
Physicochemical,4,42,123,0.5768024828817002
Physicochemical,4,42,456,0.9216688334745649
Physicochemical,4,42,789,0.5505912138645102
Physicochemical,4,42,2026,0.5896762835511447
Physicochemical,4,123,456,0.572064563176415
Physicochemical,4,123,789,0.6288249653105362
Physicochemical,4,123,2026,0.4070571439371251
Physicochemical,4,456,789,0.5399544770005177
Physicochemical,4,456,2026,0.5310022920998013
Physicochemical,4,789,2026,0.49481597061934784
Physicochemical,5,42,123,0.4979222386309028
Physicochemical,5,42,456,0.41760100463754646
Physicochemical,5,42,789,0.5330312535365417
Physicochemical,5,42,2026,0.5967540675528772
Physicochemical,5,123,456,0.476984840836544
Physicochemical,5,123,789,0.5419068418067995
Physicochemical,5,123,2026,0.49347408499342144
Physicochemical,5,456,789,0.5045386147694865
Physicochemical,5,456,2026,0.4329289614353889
Physicochemical,5,789,2026,0.5329930767060458
Physicochemical,6,42,123,0.5777705367241844
Physicochemical,6,42,456,0.3913570106727251
Physicochemical,6,42,789,0.27098143259293733
Physicochemical,6,42,2026,0.4942217192281775
Physicochemical,6,123,456,0.4557594511692288
Physicochemical,6,123,789,0.32592579988315834
Physicochemical,6,123,2026,0.5114196145372498
Physicochemical,6,456,789,0.22506183253502549
Physicochemical,6,456,2026,0.37018858339503663
Physicochemical,6,789,2026,0.39638800997463847
Physicochemical,7,42,123,0.38415038989368133
Physicochemical,7,42,456,0.567528422763097
Physicochemical,7,42,789,0.39234609118239283
Physicochemical,7,42,2026,0.4750394444590614
Physicochemical,7,123,456,0.6059527363239912
Physicochemical,7,123,789,0.21134386197680938
Physicochemical,7,123,2026,0.35787018680174965
Physicochemical,7,456,789,0.34931009502633376
Physicochemical,7,456,2026,0.46955960974772076
Physicochemical,7,789,2026,0.3736005194871664
Physicochemical,8,42,123,0.32941072770855423
Physicochemical,8,42,456,0.27438735746286397
Physicochemical,8,42,789,0.27507913515742133
Physicochemical,8,42,2026,0.3613195588657659
Physicochemical,8,123,456,0.28315510643647995
Physicochemical,8,123,789,0.4288893896776312
Physicochemical,8,123,2026,0.40878996957936736
Physicochemical,8,456,789,0.31581643555305233
Physicochemical,8,456,2026,0.40908529236004904
Physicochemical,8,789,2026,0.3521483291110221
Physicochemical,9,42,123,0.31587952918729995
Physicochemical,9,42,456,0.3622797104664126
Physicochemical,9,42,789,0.24159053818445939
Physicochemical,9,42,2026,0.5476537564686133
Physicochemical,9,123,456,0.4445929551109375
Physicochemical,9,123,789,0.2252867139197511
Physicochemical,9,123,2026,0.5263170720775019
Physicochemical,9,456,789,0.3523332469554336
Physicochemical,9,456,2026,0.4033469815804447
Physicochemical,9,789,2026,0.3464642916531985
Physicochemical,10,42,123,0.21750523993986415
Physicochemical,10,42,456,0.24202161838365158
Physicochemical,10,42,789,0.32900991374177063
Physicochemical,10,42,2026,0.34355160290283165
Physicochemical,10,123,456,0.31308507846719114
Physicochemical,10,123,789,0.33216582944006984
Physicochemical,10,123,2026,0.4437215560735473
Physicochemical,10,456,789,0.30866984898749017
Physicochemical,10,456,2026,0.38572064613478546
Physicochemical,10,789,2026,0.32528058756289885
ProtBERT,2,42,123,1.0
ProtBERT,2,42,456,1.0
ProtBERT,2,42,789,1.0
ProtBERT,2,42,2026,1.0
ProtBERT,2,123,456,1.0
ProtBERT,2,123,789,1.0
ProtBERT,2,123,2026,1.0
ProtBERT,2,456,789,1.0
ProtBERT,2,456,2026,1.0
ProtBERT,2,789,2026,1.0
ProtBERT,3,42,123,1.0
ProtBERT,3,42,456,1.0
ProtBERT,3,42,789,1.0
ProtBERT,3,42,2026,1.0
ProtBERT,3,123,456,1.0
ProtBERT,3,123,789,1.0
ProtBERT,3,123,2026,1.0
ProtBERT,3,456,789,1.0
ProtBERT,3,456,2026,1.0
ProtBERT,3,789,2026,1.0
ProtBERT,4,42,123,1.0
ProtBERT,4,42,456,1.0
ProtBERT,4,42,789,1.0
ProtBERT,4,42,2026,0.9565044441424646
ProtBERT,4,123,456,1.0
ProtBERT,4,123,789,1.0
ProtBERT,4,123,2026,0.9565044441424646
ProtBERT,4,456,789,1.0
ProtBERT,4,456,2026,0.9565044441424646
ProtBERT,4,789,2026,0.9565044441424646
ProtBERT,5,42,123,0.8389971078354389
ProtBERT,5,42,456,1.0
ProtBERT,5,42,789,0.917042812356386
ProtBERT,5,42,2026,0.9923868269839489
ProtBERT,5,123,456,0.8389971078354389
ProtBERT,5,123,789,0.7645495204399957
ProtBERT,5,123,2026,0.8313247420819871
ProtBERT,5,456,789,0.917042812356386
ProtBERT,5,456,2026,0.9923868269839489
ProtBERT,5,789,2026,0.909391739335865
ProtBERT,6,42,123,0.9169443653550481
ProtBERT,6,42,456,0.8772284309496222
ProtBERT,6,42,789,0.5782062384483108
ProtBERT,6,42,2026,0.5156659122176364
ProtBERT,6,123,456,0.9569841317182343
ProtBERT,6,123,789,0.5650283161125393
ProtBERT,6,123,2026,0.5017576698319941
ProtBERT,6,456,789,0.5613040101269087
ProtBERT,6,456,2026,0.4976812499277198
ProtBERT,6,789,2026,0.9088767023380412
ProtBERT,7,42,123,0.6487589200084527
ProtBERT,7,42,456,0.782211484550241
ProtBERT,7,42,789,0.5222073753818622
ProtBERT,7,42,2026,0.5375737656578169
ProtBERT,7,123,456,0.8096497655411959
ProtBERT,7,123,789,0.6927200581926494
ProtBERT,7,123,2026,0.49149749052308095
ProtBERT,7,456,789,0.6252339843690873
ProtBERT,7,456,2026,0.4680014341617598
ProtBERT,7,789,2026,0.6810766100490016
ProtBERT,8,42,123,0.5252840068902366
ProtBERT,8,42,456,0.8870980926177414
ProtBERT,8,42,789,0.6160899975322357
ProtBERT,8,42,2026,0.8142698342800077
ProtBERT,8,123,456,0.542617257083824
ProtBERT,8,123,789,0.7027903491302796
ProtBERT,8,123,2026,0.5883139144794287
ProtBERT,8,456,789,0.6189532323639342
ProtBERT,8,456,2026,0.7895304943303088
ProtBERT,8,789,2026,0.5259972363325639
ProtBERT,9,42,123,0.592150443787429
ProtBERT,9,42,456,0.6084198195725334
ProtBERT,9,42,789,0.6174710773578
ProtBERT,9,42,2026,0.7870374617956202
ProtBERT,9,123,456,0.5370490425454056
ProtBERT,9,123,789,0.6682057332875814
ProtBERT,9,123,2026,0.5564485227889109
ProtBERT,9,456,789,0.4613449953025729
ProtBERT,9,456,2026,0.5660746760688283
ProtBERT,9,789,2026,0.6178219810214114
ProtBERT,10,42,123,0.5890344534361718
ProtBERT,10,42,456,0.9016721821264017
ProtBERT,10,42,789,0.5234992999543077
ProtBERT,10,42,2026,0.7534538581730124
ProtBERT,10,123,456,0.5374831217173319
ProtBERT,10,123,789,0.8016656893742597
ProtBERT,10,123,2026,0.5613917602070511
ProtBERT,10,456,789,0.57306320720165
ProtBERT,10,456,2026,0.7741485926344752
ProtBERT,10,789,2026,0.5688048092515718
Combined_Feature_Standardized,2,42,123,1.0
Combined_Feature_Standardized,2,42,456,1.0
Combined_Feature_Standardized,2,42,789,1.0
Combined_Feature_Standardized,2,42,2026,1.0
Combined_Feature_Standardized,2,123,456,1.0
Combined_Feature_Standardized,2,123,789,1.0
Combined_Feature_Standardized,2,123,2026,1.0
Combined_Feature_Standardized,2,456,789,1.0
Combined_Feature_Standardized,2,456,2026,1.0
Combined_Feature_Standardized,2,789,2026,1.0
Combined_Feature_Standardized,3,42,123,1.0
Combined_Feature_Standardized,3,42,456,1.0
Combined_Feature_Standardized,3,42,789,1.0
Combined_Feature_Standardized,3,42,2026,0.9553969116251949
Combined_Feature_Standardized,3,123,456,1.0
Combined_Feature_Standardized,3,123,789,1.0
Combined_Feature_Standardized,3,123,2026,0.9553969116251949
Combined_Feature_Standardized,3,456,789,1.0
Combined_Feature_Standardized,3,456,2026,0.9553969116251949
Combined_Feature_Standardized,3,789,2026,0.9553969116251949
Combined_Feature_Standardized,4,42,123,0.985358088076741
Combined_Feature_Standardized,4,42,456,0.9417711543367423
Combined_Feature_Standardized,4,42,789,0.9258110590162917
Combined_Feature_Standardized,4,42,2026,0.985358088076741
Combined_Feature_Standardized,4,123,456,0.956288315979007
Combined_Feature_Standardized,4,123,789,0.9402734332511377
Combined_Feature_Standardized,4,123,2026,1.0
Combined_Feature_Standardized,4,456,789,0.8972352975446665
Combined_Feature_Standardized,4,456,2026,0.956288315979007
Combined_Feature_Standardized,4,789,2026,0.9402734332511377
Combined_Feature_Standardized,5,42,123,0.8633806118860626
Combined_Feature_Standardized,5,42,456,0.8633806118860626
Combined_Feature_Standardized,5,42,789,0.9386788939521697
Combined_Feature_Standardized,5,42,2026,0.8223765474893533
Combined_Feature_Standardized,5,123,456,1.0
Combined_Feature_Standardized,5,123,789,0.8558793381168546
Combined_Feature_Standardized,5,123,2026,0.8879245063202656
Combined_Feature_Standardized,5,456,789,0.8558793381168546
Combined_Feature_Standardized,5,456,2026,0.8879245063202656
Combined_Feature_Standardized,5,789,2026,0.8149955320007333
Combined_Feature_Standardized,6,42,123,0.7778809258571605
Combined_Feature_Standardized,6,42,456,0.906571706053739
Combined_Feature_Standardized,6,42,789,0.8359678356315162
Combined_Feature_Standardized,6,42,2026,0.8052570930268772
Combined_Feature_Standardized,6,123,456,0.779316868386274
Combined_Feature_Standardized,6,123,789,0.7716412701452868
Combined_Feature_Standardized,6,123,2026,0.8647175451476989
Combined_Feature_Standardized,6,456,789,0.8459861126661259
Combined_Feature_Standardized,6,456,2026,0.8340126476645136
Combined_Feature_Standardized,6,789,2026,0.8520103747763049
Combined_Feature_Standardized,7,42,123,0.6533317956363508
Combined_Feature_Standardized,7,42,456,0.7226559925243937
Combined_Feature_Standardized,7,42,789,0.7764241290698204
Combined_Feature_Standardized,7,42,2026,0.7969397680264222
Combined_Feature_Standardized,7,123,456,0.8365770051951275
Combined_Feature_Standardized,7,123,789,0.7884277057992023
Combined_Feature_Standardized,7,123,2026,0.5569319827646589
Combined_Feature_Standardized,7,456,789,0.8600911051670516
Combined_Feature_Standardized,7,456,2026,0.5965046847358421
Combined_Feature_Standardized,7,789,2026,0.6887538721900497
Combined_Feature_Standardized,8,42,123,0.6770992132960292
Combined_Feature_Standardized,8,42,456,0.7675361535985271
Combined_Feature_Standardized,8,42,789,0.7511312052890797
Combined_Feature_Standardized,8,42,2026,0.7648782056349713
Combined_Feature_Standardized,8,123,456,0.7929265319191475
Combined_Feature_Standardized,8,123,789,0.7726455844468972
Combined_Feature_Standardized,8,123,2026,0.731723776866424
Combined_Feature_Standardized,8,456,789,0.844197960560406
Combined_Feature_Standardized,8,456,2026,0.7877117511750127
Combined_Feature_Standardized,8,789,2026,0.7875760494863208
Combined_Feature_Standardized,9,42,123,0.7015331747051082
Combined_Feature_Standardized,9,42,456,0.7283131669035365
Combined_Feature_Standardized,9,42,789,0.8085159756343627
Combined_Feature_Standardized,9,42,2026,0.8944030498305544
Combined_Feature_Standardized,9,123,456,0.8727696385976734
Combined_Feature_Standardized,9,123,789,0.6881872851245846
Combined_Feature_Standardized,9,123,2026,0.6898456033220433
Combined_Feature_Standardized,9,456,789,0.7432476796478337
Combined_Feature_Standardized,9,456,2026,0.6827612524286454
Combined_Feature_Standardized,9,789,2026,0.7575463948439337
Combined_Feature_Standardized,10,42,123,0.7640849267546816
Combined_Feature_Standardized,10,42,456,0.7338326229952452
Combined_Feature_Standardized,10,42,789,0.7225512326232868
Combined_Feature_Standardized,10,42,2026,0.691877033374211
Combined_Feature_Standardized,10,123,456,0.6398934226769919
Combined_Feature_Standardized,10,123,789,0.6084072725716411
Combined_Feature_Standardized,10,123,2026,0.7624086657314282
Combined_Feature_Standardized,10,456,789,0.6341045730985722
Combined_Feature_Standardized,10,456,2026,0.5956178864699315
Combined_Feature_Standardized,10,789,2026,0.6974107606052302
Combined_Equal_Block,2,42,123,1.0
Combined_Equal_Block,2,42,456,1.0
Combined_Equal_Block,2,42,789,1.0
Combined_Equal_Block,2,42,2026,1.0
Combined_Equal_Block,2,123,456,1.0
Combined_Equal_Block,2,123,789,1.0
Combined_Equal_Block,2,123,2026,1.0
Combined_Equal_Block,2,456,789,1.0
Combined_Equal_Block,2,456,2026,1.0
Combined_Equal_Block,2,789,2026,1.0
Combined_Equal_Block,3,42,123,0.9129240860557989
Combined_Equal_Block,3,42,456,0.957379912513416
Combined_Equal_Block,3,42,789,0.9129240860557989
Combined_Equal_Block,3,42,2026,0.9129240860557989
Combined_Equal_Block,3,123,456,0.9554805067270682
Combined_Equal_Block,3,123,789,1.0
Combined_Equal_Block,3,123,2026,1.0
Combined_Equal_Block,3,456,789,0.9554805067270682
Combined_Equal_Block,3,456,2026,0.9554805067270682
Combined_Equal_Block,3,789,2026,1.0
Combined_Equal_Block,4,42,123,0.4904667265374662
Combined_Equal_Block,4,42,456,0.8729962784445704
Combined_Equal_Block,4,42,789,0.48467973084895283
Combined_Equal_Block,4,42,2026,0.4246830718542066
Combined_Equal_Block,4,123,456,0.4776063674043909
Combined_Equal_Block,4,123,789,0.5410642958556797
Combined_Equal_Block,4,123,2026,0.5369252020959759
Combined_Equal_Block,4,456,789,0.5287674617177764
Combined_Equal_Block,4,456,2026,0.468602606590758
Combined_Equal_Block,4,789,2026,0.8352892190773448
Combined_Equal_Block,5,42,123,0.4932591185229353
Combined_Equal_Block,5,42,456,0.5054441483897052
Combined_Equal_Block,5,42,789,0.5528713653037576
Combined_Equal_Block,5,42,2026,0.318799036419934
Combined_Equal_Block,5,123,456,0.7833409091376541
Combined_Equal_Block,5,123,789,0.5755930078119198
Combined_Equal_Block,5,123,2026,0.5730855093444815
Combined_Equal_Block,5,456,789,0.7117007704151874
Combined_Equal_Block,5,456,2026,0.5248463480520246
Combined_Equal_Block,5,789,2026,0.4424542825095936
Combined_Equal_Block,6,42,123,0.5236159224319606
Combined_Equal_Block,6,42,456,0.7360504948093444
Combined_Equal_Block,6,42,789,0.5410263053064681
Combined_Equal_Block,6,42,2026,0.41068865335369703
Combined_Equal_Block,6,123,456,0.5852527486026656
Combined_Equal_Block,6,123,789,0.5228392471072967
Combined_Equal_Block,6,123,2026,0.6223823133934316
Combined_Equal_Block,6,456,789,0.584779444617751
Combined_Equal_Block,6,456,2026,0.43466111498179855
Combined_Equal_Block,6,789,2026,0.4790974890748056
Combined_Equal_Block,7,42,123,0.5575451286066564
Combined_Equal_Block,7,42,456,0.5042124863927315
Combined_Equal_Block,7,42,789,0.384163806807545
Combined_Equal_Block,7,42,2026,0.5081228137641343
Combined_Equal_Block,7,123,456,0.48425825969337905
Combined_Equal_Block,7,123,789,0.5477606790153714
Combined_Equal_Block,7,123,2026,0.5412571673756653
Combined_Equal_Block,7,456,789,0.6054659352437677
Combined_Equal_Block,7,456,2026,0.6434134422566653
Combined_Equal_Block,7,789,2026,0.7028248577167188
Combined_Equal_Block,8,42,123,0.4130014828276396
Combined_Equal_Block,8,42,456,0.40989666576686973
Combined_Equal_Block,8,42,789,0.510433454806092
Combined_Equal_Block,8,42,2026,0.4547176395874716
Combined_Equal_Block,8,123,456,0.5859338531789299
Combined_Equal_Block,8,123,789,0.6069074152591057
Combined_Equal_Block,8,123,2026,0.533926782972834
Combined_Equal_Block,8,456,789,0.6227888394675035
Combined_Equal_Block,8,456,2026,0.43467017757072446
Combined_Equal_Block,8,789,2026,0.5030954715053149
Combined_Equal_Block,9,42,123,0.46673505828611245
Combined_Equal_Block,9,42,456,0.5333430891238671
Combined_Equal_Block,9,42,789,0.48072139769304945
Combined_Equal_Block,9,42,2026,0.42713176064582153
Combined_Equal_Block,9,123,456,0.34801842409911576
Combined_Equal_Block,9,123,789,0.47181015902741263
Combined_Equal_Block,9,123,2026,0.28979806690326193
Combined_Equal_Block,9,456,789,0.6301501096718397
Combined_Equal_Block,9,456,2026,0.3227480835678136
Combined_Equal_Block,9,789,2026,0.4198711302029329
Combined_Equal_Block,10,42,123,0.43051981017287744
Combined_Equal_Block,10,42,456,0.578647579128429
Combined_Equal_Block,10,42,789,0.5174234563066028
Combined_Equal_Block,10,42,2026,0.591383570624128
Combined_Equal_Block,10,123,456,0.4495209959342298
Combined_Equal_Block,10,123,789,0.47749059529666027
Combined_Equal_Block,10,123,2026,0.4693614614889499
Combined_Equal_Block,10,456,789,0.445839338953681
Combined_Equal_Block,10,456,2026,0.5093572474669751
Combined_Equal_Block,10,789,2026,0.4918725914214699
