representation,method,K,silhouette,CH,DB,ARI,NMI,purity,stability_ARI_mean,stability_ARI_SD,cluster_size_min,cluster_size_max,cluster_balance_warning
Physicochemical,K-Means,2,0.1101489827532038,10.496306411821784,2.482552410665641,0.0333866493895649,0.1230638023936352,0.7297297297297297,1.0,0.0,37,37,NONE
Physicochemical,K-Means,3,0.0920474284825634,8.954737560989361,2.411804788073359,0.0386917187134698,0.1417079349870862,0.7297297297297297,0.9342047321423372,0.0367716365441474,23,26,NONE
Physicochemical,K-Means,4,0.0732723516067449,7.711618965623377,2.314170577994433,0.0200398275301909,0.1577941658099062,0.7297297297297297,0.5812458225915662,0.1270069369449007,12,26,NONE
Physicochemical,K-Means,5,0.0905694755659366,6.908854220410369,2.0822775462780814,-0.0087173116744829,0.1030140744998967,0.7297297297297297,0.5028134984905555,0.0501031954535953,2,21,SMALL_CLUSTER
Physicochemical,K-Means,6,0.1024783508502047,6.31200237099088,1.5736762481474609,0.0001243455989041,0.1332579963095232,0.7297297297297297,0.4019073990712362,0.1047281098267533,1,29,SINGLETON_DOMINATED
Physicochemical,K-Means,7,0.0865162093899072,6.009258785136916,1.8871633688886476,0.0156516735398484,0.1495784206242844,0.7297297297297297,0.4186701357662003,0.1088155645773014,2,21,SMALL_CLUSTER
Physicochemical,K-Means,8,0.0612180762057891,5.654020240924183,1.9314524965412256,-0.0043705612265865,0.135252220312,0.7297297297297297,0.3438081301912207,0.0550557036293584,2,17,SMALL_CLUSTER
Physicochemical,K-Means,9,0.0777353631160648,5.562509187516189,1.5686614664430187,-0.0089354119284565,0.1445735360848933,0.7297297297297297,0.3765744795604052,0.1017474193982305,1,21,SINGLETON_DOMINATED
Physicochemical,K-Means,10,0.0453845604155569,5.5177935353411245,1.7610400916802915,0.0098641862579952,0.1581747757078381,0.7297297297297297,0.32407319216341,0.0608556149246681,1,18,SINGLETON_DOMINATED
Physicochemical,Hierarchical_Ward,2,0.1502430014716421,7.901139588640482,2.471661879048981,0.0902310780493225,0.2436458616880595,0.7297297297297297,1.0,0.0,16,58,NONE
Physicochemical,Hierarchical_Ward,3,0.0540687330927296,7.263162390535188,2.444674279288314,0.0974242094005994,0.1954581442470274,0.7297297297297297,1.0,0.0,15,43,NONE
Physicochemical,Hierarchical_Ward,4,0.0593341815454752,6.513698916630626,2.5263420800761263,0.0423776965424312,0.1611973739730332,0.7297297297297297,1.0,0.0,15,27,NONE
Physicochemical,Hierarchical_Ward,5,0.0671885288972337,6.072790081467924,2.271781831652352,0.0395360089185037,0.165267896643675,0.7297297297297297,1.0,0.0,2,27,SMALL_CLUSTER
Physicochemical,Hierarchical_Ward,6,0.0718808486802438,5.781402417847,1.9453405753672195,0.0387142598008338,0.1672807858209182,0.7297297297297297,1.0,0.0,1,27,SINGLETON_DOMINATED
Physicochemical,Hierarchical_Ward,7,0.0650688111472938,5.631542829611683,1.9766550679880583,0.0082510420423095,0.168006198060854,0.7297297297297297,1.0,0.0,1,22,SINGLETON_DOMINATED
Physicochemical,Hierarchical_Ward,8,0.0704914269754142,5.55604136609044,1.739808112501743,0.0059169343741446,0.1656665805288959,0.7297297297297297,1.0,0.0,1,22,SINGLETON_DOMINATED
Physicochemical,Hierarchical_Ward,9,0.0787756189759369,5.537419596389735,1.6563988874249258,0.0009278589654372,0.1583979371166498,0.7297297297297297,1.0,0.0,1,22,SINGLETON_DOMINATED
Physicochemical,Hierarchical_Ward,10,0.0714170478405398,5.569071342373389,1.53601696371015,0.0009446178942984,0.1609090775517505,0.7297297297297297,1.0,0.0,1,22,SINGLETON_DOMINATED
Physicochemical,Hierarchical_Average,2,0.3153173240103114,3.0429470497256297,0.5384382295113982,-0.0192459305291471,0.0106357647648761,0.7297297297297297,1.0,0.0,1,73,SINGLETON_DOMINATED
Physicochemical,Hierarchical_Average,3,0.2889355483414534,4.230738268971712,0.860085847166428,-0.0538530208632464,0.0281168949492223,0.7297297297297297,1.0,0.0,1,71,SINGLETON_DOMINATED
Physicochemical,Hierarchical_Average,4,0.2670203283973599,3.9763268446241615,0.7712914797094125,-0.0700042400552135,0.0351235066727198,0.7297297297297297,1.0,0.0,1,70,SINGLETON_DOMINATED
Physicochemical,Hierarchical_Average,5,0.2496818430991446,3.893151592011001,0.7154225118079995,-0.0851854273190653,0.0413539922066314,0.7297297297297297,1.0,0.0,1,69,SINGLETON_DOMINATED
Physicochemical,Hierarchical_Average,6,0.2283746523783968,4.203148816179929,0.8141210241677809,-0.0435334876118536,0.0748655945264529,0.7297297297297297,1.0,0.0,1,67,SINGLETON_DOMINATED
Physicochemical,Hierarchical_Average,7,0.1993980486594114,4.019717795905994,0.7783915507462575,-0.0581302047286954,0.0778971562800657,0.7297297297297297,1.0,0.0,1,66,SINGLETON_DOMINATED
Physicochemical,Hierarchical_Average,8,0.146257669151115,3.6967737494737873,0.6482113625840522,-0.0571967176757595,0.1059381882361508,0.7432432432432432,1.0,0.0,1,66,SINGLETON_DOMINATED
Physicochemical,Hierarchical_Average,9,0.1303395349947766,3.91607580489422,0.7879410377818639,0.0361940667204408,0.1795272380205448,0.7567567567567568,1.0,0.0,1,63,SINGLETON_DOMINATED
Physicochemical,Hierarchical_Average,10,0.0965511200618252,3.7659172419894458,0.7738521929135416,0.0209782167875227,0.1769732817462727,0.7567567567567568,1.0,0.0,1,62,SINGLETON_DOMINATED
Physicochemical,Hierarchical_Complete,2,0.1072176124716414,7.322128709846172,2.68457528223108,0.1192229671069627,0.1448816925450986,0.7297297297297297,1.0,0.0,20,54,NONE
Physicochemical,Hierarchical_Complete,3,0.1014480880152085,5.9825037488806245,2.049249230688031,0.127266760423407,0.1465458839416819,0.7297297297297297,1.0,0.0,2,54,SMALL_CLUSTER
Physicochemical,Hierarchical_Complete,4,0.104711444328997,5.508460997307655,1.8681238955758437,0.0950794831337276,0.1445351384930571,0.7297297297297297,1.0,0.0,2,52,SMALL_CLUSTER
Physicochemical,Hierarchical_Complete,5,0.1113237566044889,5.276728608436996,1.565663484377339,0.0799045295381096,0.1429736074580606,0.7297297297297297,1.0,0.0,1,51,SINGLETON_DOMINATED
Physicochemical,Hierarchical_Complete,6,0.0522634391184022,5.449039241290921,1.909524468778171,0.0708639159025895,0.1349316899532697,0.7297297297297297,1.0,0.0,1,33,SINGLETON_DOMINATED
Physicochemical,Hierarchical_Complete,7,0.0591771990034401,5.478348076547811,1.8171593049899293,0.0710766248975107,0.1430825402570222,0.7297297297297297,1.0,0.0,1,33,SINGLETON_DOMINATED
Physicochemical,Hierarchical_Complete,8,0.0601664719304985,5.24817578382081,1.5364009272589536,0.0704712576321808,0.1418301685414809,0.7297297297297297,1.0,0.0,1,33,SINGLETON_DOMINATED
Physicochemical,Hierarchical_Complete,9,0.0613770899384827,5.115665208748191,1.4104899386143834,0.0581356301872474,0.1399793641439544,0.7297297297297297,1.0,0.0,1,32,SINGLETON_DOMINATED
Physicochemical,Hierarchical_Complete,10,0.0675648297579868,5.292088194759098,1.4586401534676674,-8.910553896643112e-05,0.1235519814681622,0.7297297297297297,1.0,0.0,1,18,SINGLETON_DOMINATED
ProtBERT,K-Means,2,0.5237074494361877,77.04849797447885,0.8163537406591973,0.1894716492242526,0.1333144850301321,0.7432432432432432,1.0,0.0,15,59,NONE
ProtBERT,K-Means,3,0.4339277446269989,50.77900622169295,1.054734572184819,0.2116318199292787,0.1166926066803022,0.7702702702702703,1.0,0.0,5,57,NONE
ProtBERT,K-Means,4,0.2511723041534424,41.92851072576276,1.4548564717749204,0.1135942120847859,0.112602284377534,0.7702702702702703,0.9826017776569858,0.0213083835859371,5,45,NONE
ProtBERT,K-Means,5,0.240705132484436,34.45101336268844,1.4156416214312917,0.1814888581922537,0.1823884727348301,0.7972972972972973,0.9002119496209395,0.0763185110020574,5,46,NONE
ProtBERT,K-Means,6,0.2433734387159347,30.30267711882476,1.2211957780183436,0.1847224704873691,0.2139985816617061,0.8108108108108109,0.6879677027026054,0.1879353454726491,1,46,SINGLETON_DOMINATED
ProtBERT,K-Means,7,0.1322259157896042,27.795702721102103,1.4670709762269794,0.1088894325498862,0.2270219399183011,0.8108108108108109,0.6258930888435148,0.1130394993159385,1,28,SINGLETON_DOMINATED
ProtBERT,K-Means,8,0.1380903571844101,25.94551680931669,1.4795231480434912,0.0695074966253133,0.2155954247307233,0.8108108108108109,0.6610944415040559,0.1235336304288921,1,24,SINGLETON_DOMINATED
ProtBERT,K-Means,9,0.1799659878015518,24.175218690608077,1.2217763891335118,0.0680452132186154,0.2053830999260459,0.8108108108108109,0.6012023753528093,0.08161595413428,1,37,SINGLETON_DOMINATED
ProtBERT,K-Means,10,0.1519488245248794,22.734003711840383,1.3397581536640168,0.0715713929828711,0.2072677742234854,0.7972972972972973,0.6584216974076232,0.1282537775918155,1,28,SINGLETON_DOMINATED
ProtBERT,Hierarchical_Ward,2,0.5237074494361877,77.04849797447885,0.8163537406591973,0.1894716492242526,0.1333144850301321,0.7432432432432432,1.0,0.0,15,59,NONE
ProtBERT,Hierarchical_Ward,3,0.4488503336906433,49.87249115005473,1.04149271938255,0.2033179924481527,0.1553674364084684,0.7837837837837838,1.0,0.0,5,59,NONE
ProtBERT,Hierarchical_Ward,4,0.2315549403429031,40.29486985196647,1.4386541097146763,0.2374850074656701,0.2226729604132474,0.7837837837837838,1.0,0.0,5,49,NONE
ProtBERT,Hierarchical_Ward,5,0.1964161694049835,33.77594991886021,1.690806949289302,0.1756898216478641,0.1989714240842049,0.7837837837837838,1.0,0.0,5,38,NONE
ProtBERT,Hierarchical_Ward,6,0.1933643370866775,29.68588063560199,1.4495094333744918,0.1788375962301318,0.2277233827224529,0.7972972972972973,1.0,0.0,1,38,SINGLETON_DOMINATED
ProtBERT,Hierarchical_Ward,7,0.1858744621276855,27.017786249670493,1.4397681486457916,0.1128839808649871,0.2169465767947049,0.7972972972972973,1.0,0.0,1,33,SINGLETON_DOMINATED
ProtBERT,Hierarchical_Ward,8,0.1853459328413009,25.23920336191281,1.2914070151203156,0.1250163697143054,0.2551489207940973,0.8243243243243243,1.0,0.0,1,33,SINGLETON_DOMINATED
ProtBERT,Hierarchical_Ward,9,0.1834436655044555,23.922635831567614,1.1923246752280043,0.1237350203299621,0.2547674879177439,0.8243243243243243,1.0,0.0,1,33,SINGLETON_DOMINATED
ProtBERT,Hierarchical_Ward,10,0.1812904626131057,22.69166234808733,1.2260623773355732,0.1258272483981723,0.2471489326758306,0.8243243243243243,1.0,0.0,1,33,SINGLETON_DOMINATED
ProtBERT,Hierarchical_Average,2,0.5663541555404663,10.497064748187558,0.2754235389454557,0.0476742568288271,0.0543600477020349,0.7432432432432432,1.0,0.0,1,73,SINGLETON_DOMINATED
ProtBERT,Hierarchical_Average,3,0.4886371493339538,45.25801658279882,0.6919921956276602,0.1907498464492026,0.1420118244516799,0.7432432432432432,1.0,0.0,1,59,SINGLETON_DOMINATED
ProtBERT,Hierarchical_Average,4,0.4599215090274811,32.15792977607687,0.6657554791356821,0.1927101267545142,0.1516240475893524,0.7567567567567568,1.0,0.0,1,59,SINGLETON_DOMINATED
ProtBERT,Hierarchical_Average,5,0.4220675230026245,28.93334713296103,0.7478343511531862,0.2052520640639849,0.2008694929116974,0.7972972972972973,1.0,0.0,1,59,SINGLETON_DOMINATED
ProtBERT,Hierarchical_Average,6,0.3028791546821594,27.347095266924686,0.9098044965514952,0.2455144822518421,0.22587918967519,0.7972972972972973,1.0,0.0,1,55,SINGLETON_DOMINATED
ProtBERT,Hierarchical_Average,7,0.2438496202230453,23.871088647092787,0.8545780997436406,0.2244151910641322,0.2201665691865872,0.7972972972972973,1.0,0.0,1,54,SINGLETON_DOMINATED
ProtBERT,Hierarchical_Average,8,0.235139325261116,21.18217898566035,0.760435040593489,0.2254185620638965,0.2297149972844893,0.8108108108108109,1.0,0.0,1,54,SINGLETON_DOMINATED
ProtBERT,Hierarchical_Average,9,0.2162400037050247,19.28566385842465,0.815604540624444,0.2250961681460912,0.2357102097976472,0.8108108108108109,1.0,0.0,1,54,SINGLETON_DOMINATED
ProtBERT,Hierarchical_Average,10,0.211341306567192,17.515978266555365,0.7838223416187345,0.2270981158757226,0.244834368249955,0.8243243243243243,1.0,0.0,1,54,SINGLETON_DOMINATED
ProtBERT,Hierarchical_Complete,2,0.5261927843093872,35.14402560146571,0.6485006718924551,-0.027434822018405,0.0101066231671957,0.7297297297297297,1.0,0.0,5,69,NONE
ProtBERT,Hierarchical_Complete,3,0.4381466805934906,50.14997392327573,1.0297046782014017,0.1782935427088066,0.1358422236281552,0.7702702702702703,1.0,0.0,5,58,NONE
ProtBERT,Hierarchical_Complete,4,0.4327617883682251,36.4031223399122,0.8361214203194538,0.1817420951559403,0.1800517832010623,0.7837837837837838,1.0,0.0,1,58,SINGLETON_DOMINATED
ProtBERT,Hierarchical_Complete,5,0.41146120429039,29.260475716518545,0.7435500534848549,0.1811144778631148,0.1833315873942845,0.7837837837837838,1.0,0.0,1,58,SINGLETON_DOMINATED
ProtBERT,Hierarchical_Complete,6,0.2911490797996521,28.19992983967965,0.9341117953082476,0.1455410690606978,0.1734729301588726,0.7837837837837838,1.0,0.0,1,53,SINGLETON_DOMINATED
ProtBERT,Hierarchical_Complete,7,0.188116654753685,25.799697652064488,1.0701364850712574,0.0724490327189267,0.1705700781215533,0.7837837837837838,1.0,0.0,1,48,SINGLETON_DOMINATED
ProtBERT,Hierarchical_Complete,8,0.1471175849437713,24.044835172528774,1.4026921666956724,0.0889713957880785,0.1773030124922306,0.7837837837837838,1.0,0.0,1,37,SINGLETON_DOMINATED
ProtBERT,Hierarchical_Complete,9,0.1362731307744979,22.48260925150131,1.466548374991086,0.0933596742287947,0.1801402409803446,0.7972972972972973,1.0,0.0,1,37,SINGLETON_DOMINATED
ProtBERT,Hierarchical_Complete,10,0.1251466274261474,21.345883344925035,1.386697846491864,0.0955494818457477,0.1920810235936847,0.7972972972972973,1.0,0.0,1,37,SINGLETON_DOMINATED
Combined_Feature_Standardized,K-Means,2,0.2513118790592051,14.871140532033166,1.8202606726136976,0.1286820229160715,0.0935192106751091,0.7297297297297297,1.0,0.0,15,59,NONE
Combined_Feature_Standardized,K-Means,3,0.1424799212269241,11.530382711326435,2.266353497799756,0.116513347013836,0.1121331846195584,0.7297297297297297,0.982158764650078,0.0218509614941073,15,41,NONE
Combined_Feature_Standardized,K-Means,4,0.1559497111008311,10.625368181816077,2.0306795199075083,0.2078175532801167,0.2398205717097247,0.8108108108108109,0.9528657185511472,0.0293657895959703,7,39,NONE
Combined_Feature_Standardized,K-Means,5,0.1026765860669982,9.74029331593101,1.974287483820773,0.0655757080789609,0.1739055678452404,0.7702702702702703,0.8790419886088621,0.0521744135176182,8,24,NONE
Combined_Feature_Standardized,K-Means,6,0.1129321438554704,8.928726442125592,1.8834235023387451,0.0835766088313595,0.2352508577495421,0.7972972972972973,0.8273362379355497,0.0413430007867009,6,23,NONE
Combined_Feature_Standardized,K-Means,7,0.1102670486992168,8.382171439343717,1.813358343904964,0.0844118225821553,0.2824978564811365,0.8378378378378378,0.7276638041108919,0.0967907193529508,4,20,NONE
Combined_Feature_Standardized,K-Means,8,0.1096601107285456,7.926055426895424,1.5500206880617171,0.0824461058029839,0.2697620385244118,0.8378378378378378,0.7677426432272816,0.0413443944707202,1,23,SINGLETON_DOMINATED
Combined_Feature_Standardized,K-Means,9,0.1172970390812676,7.701077198267033,1.5120238813790223,0.0863008886402373,0.2810763061063966,0.8378378378378378,0.7567123221038277,0.0733351878773593,1,21,SINGLETON_DOMINATED
Combined_Feature_Standardized,K-Means,10,0.1282276787744601,7.402838735794186,1.4719552776370215,0.0900723753923666,0.2557380321293353,0.8378378378378378,0.6850188396901219,0.0589263270864733,1,22,SINGLETON_DOMINATED
Combined_Feature_Standardized,Hierarchical_Ward,2,0.2160719016060446,13.993292319310306,2.015118298515255,0.2849900092113654,0.2236948103722134,0.7702702702702703,1.0,0.0,19,55,NONE
Combined_Feature_Standardized,Hierarchical_Ward,3,0.1740199702474998,11.119965985217906,1.8789296898918977,0.2994769635480026,0.2190847460130718,0.7972972972972973,1.0,0.0,8,55,NONE
Combined_Feature_Standardized,Hierarchical_Ward,4,0.1514207034808753,10.336653627275,2.103474815422208,0.2024666359484291,0.2278580435854375,0.7972972972972973,1.0,0.0,8,39,NONE
Combined_Feature_Standardized,Hierarchical_Ward,5,0.0918601081550783,9.596716913570589,2.00393811998807,0.0956686661069582,0.2312023101200194,0.7972972972972973,1.0,0.0,8,21,NONE
Combined_Feature_Standardized,Hierarchical_Ward,6,0.1053173691249316,8.809607941541454,1.875782685642271,0.0903699623611493,0.238312968910511,0.7972972972972973,1.0,0.0,5,21,NONE
Combined_Feature_Standardized,Hierarchical_Ward,7,0.1099557876722708,8.351480724803395,1.7690066885208915,0.1018848212245185,0.2887598295902653,0.8378378378378378,1.0,0.0,3,21,NONE
Combined_Feature_Standardized,Hierarchical_Ward,8,0.1128223411123932,8.053870956827947,1.6025522870112876,0.1000551970534809,0.2871976487326927,0.8378378378378378,1.0,0.0,1,21,SINGLETON_DOMINATED
Combined_Feature_Standardized,Hierarchical_Ward,9,0.1231082826621024,7.879247017054022,1.5458167732833117,0.0687216959788189,0.2752203963874026,0.8378378378378378,1.0,0.0,1,21,SINGLETON_DOMINATED
Combined_Feature_Standardized,Hierarchical_Ward,10,0.127700482134537,7.684712975558932,1.4211071178735544,0.0682831699271116,0.2754088754067512,0.8378378378378378,1.0,0.0,1,21,SINGLETON_DOMINATED
Combined_Feature_Standardized,Hierarchical_Average,2,0.3767520145525544,4.007208472540035,0.4703325081028031,0.0476742568288271,0.0543600477020349,0.7432432432432432,1.0,0.0,1,73,SINGLETON_DOMINATED
Combined_Feature_Standardized,Hierarchical_Average,3,0.346402586265206,3.989255228486092,0.4766384049998971,0.0952306893132054,0.101661791158792,0.7567567567567568,1.0,0.0,1,72,SINGLETON_DOMINATED
Combined_Feature_Standardized,Hierarchical_Average,4,0.2465961423776806,3.602402232754492,0.5251453845550591,0.0735654913328533,0.1022924035203454,0.7567567567567568,1.0,0.0,1,71,SINGLETON_DOMINATED
Combined_Feature_Standardized,Hierarchical_Average,5,0.2668635422396114,5.764411140433801,0.7733548610925067,-0.0121230995028413,0.115877367764461,0.7567567567567568,1.0,0.0,1,66,SINGLETON_DOMINATED
Combined_Feature_Standardized,Hierarchical_Average,6,0.1937972624535452,5.136535031620821,0.7472105312746214,-0.0277863462750062,0.1163282377532449,0.7567567567567568,1.0,0.0,1,65,SINGLETON_DOMINATED
Combined_Feature_Standardized,Hierarchical_Average,7,0.1800509605055764,4.636843173006104,0.6980831040765875,-0.0305233146435246,0.113297939920844,0.7567567567567568,1.0,0.0,1,65,SINGLETON_DOMINATED
Combined_Feature_Standardized,Hierarchical_Average,8,0.1686284886735471,5.65183497639682,0.962559303009798,0.208800556844965,0.2346902539282797,0.8243243243243243,1.0,0.0,1,56,SINGLETON_DOMINATED
Combined_Feature_Standardized,Hierarchical_Average,9,0.1639999465776051,5.8655635485012105,1.0197345332933232,0.2443015166639549,0.2518492687826624,0.8243243243243243,1.0,0.0,1,52,SINGLETON_DOMINATED
Combined_Feature_Standardized,Hierarchical_Average,10,0.1538197954916858,5.485530123324094,0.9512829392344306,0.2452871608394682,0.2602008399904408,0.8378378378378378,1.0,0.0,1,52,SINGLETON_DOMINATED
Combined_Feature_Standardized,Hierarchical_Complete,2,0.3092425764864604,11.245487510248164,1.3503511958701246,-0.0419561823783546,0.0130504127121528,0.7297297297297297,1.0,0.0,6,68,NONE
Combined_Feature_Standardized,Hierarchical_Complete,3,0.3115117542809317,8.017086095480407,1.0391732085537728,-0.0001948338768916,0.0522146441152517,0.7432432432432432,1.0,0.0,1,67,SINGLETON_DOMINATED
Combined_Feature_Standardized,Hierarchical_Complete,4,0.163278625705536,7.093870437246495,1.7048822054108237,-0.0432719032920985,0.0763499448757711,0.7432432432432432,1.0,0.0,1,59,SINGLETON_DOMINATED
Combined_Feature_Standardized,Hierarchical_Complete,5,0.1639510258915136,6.264415115588424,1.4378628770912785,-0.0388202711027017,0.1246482488929808,0.7567567567567568,1.0,0.0,1,59,SINGLETON_DOMINATED
Combined_Feature_Standardized,Hierarchical_Complete,6,0.079612494666576,6.163581603869149,1.7492655611544354,-0.0564429477557868,0.1627695885583137,0.7567567567567568,1.0,0.0,1,43,SINGLETON_DOMINATED
Combined_Feature_Standardized,Hierarchical_Complete,7,0.0827556651654804,5.7406061076249335,1.5590366103621736,-0.0592629672614113,0.1613648635551978,0.7567567567567568,1.0,0.0,1,43,SINGLETON_DOMINATED
Combined_Feature_Standardized,Hierarchical_Complete,8,0.0851794957398152,5.757349938443674,1.4275166562732249,-0.0785756418368294,0.1560307201620506,0.7567567567567568,1.0,0.0,1,43,SINGLETON_DOMINATED
Combined_Feature_Standardized,Hierarchical_Complete,9,0.1067487031540901,6.850641498106637,1.4505239218424195,0.0687709223452749,0.2236550537747577,0.8378378378378378,1.0,0.0,1,31,SINGLETON_DOMINATED
Combined_Feature_Standardized,Hierarchical_Complete,10,0.1164348234518698,6.769408458364275,1.3638309288855706,0.0671331946220754,0.2283151492374127,0.8378378378378378,1.0,0.0,1,31,SINGLETON_DOMINATED
Combined_Equal_Block,K-Means,2,0.1377308154044176,8.21623739851943,2.3128982108227736,0.1286820229160715,0.0935192106751091,0.7297297297297297,1.0,0.0,15,59,NONE
Combined_Equal_Block,K-Means,3,0.1168187979010501,8.244150865026132,2.351938129208734,0.1294634771064671,0.1744107519723819,0.7297297297297297,0.9562593690862018,0.0337292812575104,15,41,NONE
Combined_Equal_Block,K-Means,4,0.0900749984156935,7.192223180970435,2.2520357459237457,0.1749123130402271,0.2043824400918102,0.7702702702702703,0.5661080960427122,0.1480557661982532,8,36,NONE
Combined_Equal_Block,K-Means,5,0.0669289692616937,6.571249301256947,2.3043515492276803,0.0388465984412768,0.1019768917994546,0.7297297297297297,0.5481394495907193,0.1235370854204397,8,19,NONE
Combined_Equal_Block,K-Means,6,0.0760046147739201,6.245286899427863,2.1914888709970928,0.0662811825190087,0.1621361664176712,0.7432432432432432,0.544039373367922,0.0901128682624693,5,20,NONE
Combined_Equal_Block,K-Means,7,0.0758502819454321,5.634992631763471,2.054308471336502,0.0832997331834075,0.1852337258465809,0.7837837837837838,0.5479024576872634,0.0842176802294157,1,20,SINGLETON_DOMINATED
Combined_Equal_Block,K-Means,8,0.0684069714225051,5.497651084889891,2.029954088830161,0.0772494681481573,0.2302896075123765,0.8108108108108109,0.5075371782942486,0.0752317268910852,1,18,SINGLETON_DOMINATED
Combined_Equal_Block,K-Means,9,0.088015082758275,5.082509757363496,1.7122252498934538,0.0621057174111578,0.1904000961667775,0.7837837837837838,0.4390327279221226,0.0967396134131568,1,23,SINGLETON_DOMINATED
Combined_Equal_Block,K-Means,10,0.0823324398801846,4.979418101941273,1.804085616367462,0.0570028650420668,0.2001569594448997,0.8108108108108109,0.4961416646794004,0.0515743327881179,1,20,SINGLETON_DOMINATED
Combined_Equal_Block,Hierarchical_Ward,2,0.1137511286524829,7.918885427865436,2.552575502875172,0.2849900092113654,0.2236948103722134,0.7702702702702703,1.0,0.0,19,55,NONE
Combined_Equal_Block,Hierarchical_Ward,3,0.1074891572646897,7.692661610675821,2.421748385166569,0.2266969652465886,0.2876721081377071,0.7702702702702703,1.0,0.0,16,39,NONE
Combined_Equal_Block,Hierarchical_Ward,4,0.0578748729412166,6.92229897538885,2.383670820334404,0.1044461685762191,0.2778700503513264,0.7702702702702703,1.0,0.0,16,20,NONE
Combined_Equal_Block,Hierarchical_Ward,5,0.0691417084147201,6.633977063409204,2.2570807254965843,0.1190658830275519,0.2707664357599864,0.7972972972972973,1.0,0.0,8,20,NONE
Combined_Equal_Block,Hierarchical_Ward,6,0.0747920189818476,6.19710114931801,2.2117532104320543,0.1188293007583918,0.2549757451592628,0.7972972972972973,1.0,0.0,6,20,NONE
Combined_Equal_Block,Hierarchical_Ward,7,0.0792614328482011,5.964480520941497,2.151711348208264,0.0747339014128468,0.2400032909243491,0.7972972972972973,1.0,0.0,5,19,NONE
Combined_Equal_Block,Hierarchical_Ward,8,0.0824828604623013,5.669232478298204,1.920208944673172,0.0745114292853648,0.2413379723812163,0.7972972972972973,1.0,0.0,1,19,SINGLETON_DOMINATED
Combined_Equal_Block,Hierarchical_Ward,9,0.0865143298950779,5.420082525060163,1.7361280383359576,0.0721790161649207,0.2382686807088843,0.7972972972972973,1.0,0.0,1,19,SINGLETON_DOMINATED
Combined_Equal_Block,Hierarchical_Ward,10,0.0854432738703533,5.218563887862896,1.6197682136165945,0.07039185782067,0.2376451117170113,0.7972972972972973,1.0,0.0,1,19,SINGLETON_DOMINATED
Combined_Equal_Block,Hierarchical_Average,2,0.2890055726823812,2.877334538560026,0.5619816571237518,-0.0192459305291471,0.0106357647648761,0.7297297297297297,1.0,0.0,1,73,SINGLETON_DOMINATED
Combined_Equal_Block,Hierarchical_Average,3,0.2229180666816992,2.7598903844320577,0.582479248062631,0.0272029215923937,0.0592918187157431,0.7432432432432432,1.0,0.0,1,72,SINGLETON_DOMINATED
Combined_Equal_Block,Hierarchical_Average,4,0.210749680458848,3.09835331591232,0.972893079404055,0.0520431185760842,0.0675134290304966,0.7432432432432432,1.0,0.0,1,70,SINGLETON_DOMINATED
Combined_Equal_Block,Hierarchical_Average,5,0.2001893493388889,2.7693010949981978,0.5815734668676787,0.0529936583257026,0.1029808912086333,0.7567567567567568,1.0,0.0,1,70,SINGLETON_DOMINATED
Combined_Equal_Block,Hierarchical_Average,6,0.1706006329599367,2.729224443561566,0.588674125075397,0.0334802329934999,0.1037205791732536,0.7567567567567568,1.0,0.0,1,69,SINGLETON_DOMINATED
Combined_Equal_Block,Hierarchical_Average,7,0.1479983590368667,2.673723378057809,0.5982851879398853,0.014992170586244,0.1045066819446488,0.7567567567567568,1.0,0.0,1,68,SINGLETON_DOMINATED
Combined_Equal_Block,Hierarchical_Average,8,0.1115824448126752,2.610749995271456,0.6094783575180311,-0.0025017780321299,0.1053357679417783,0.7567567567567568,1.0,0.0,1,67,SINGLETON_DOMINATED
Combined_Equal_Block,Hierarchical_Average,9,0.0956432070757128,2.765369570881287,0.7261338986651104,-0.0339409442085616,0.1085957486339701,0.7567567567567568,1.0,0.0,1,65,SINGLETON_DOMINATED
Combined_Equal_Block,Hierarchical_Average,10,0.095331331030327,3.0300439959215986,0.8146941662808723,0.0524327319108152,0.1671983319778147,0.7702702702702703,1.0,0.0,1,62,SINGLETON_DOMINATED
Combined_Equal_Block,Hierarchical_Complete,2,0.1376265147316699,5.665883787674306,2.260682989016201,-0.0002538533444431,0.0781911217163974,0.7297297297297297,1.0,0.0,9,65,NONE
Combined_Equal_Block,Hierarchical_Complete,3,0.1313300760270324,4.197527450262571,1.7049784927388616,0.0359902460830482,0.1078677628129889,0.7432432432432432,1.0,0.0,1,64,SINGLETON_DOMINATED
Combined_Equal_Block,Hierarchical_Complete,4,0.1446796192807483,5.354076480257803,1.6433495671590128,-0.0020572836675042,0.0949251585209808,0.7432432432432432,1.0,0.0,1,58,SINGLETON_DOMINATED
Combined_Equal_Block,Hierarchical_Complete,5,0.1272156364500452,4.710638091023622,1.419860834595417,-0.0042407212870201,0.0971001841372837,0.7432432432432432,1.0,0.0,1,58,SINGLETON_DOMINATED
Combined_Equal_Block,Hierarchical_Complete,6,0.1270412001605689,4.56216756516713,1.4112336715992313,-0.0283297557475223,0.1010868718302131,0.7432432432432432,1.0,0.0,1,56,SINGLETON_DOMINATED
Combined_Equal_Block,Hierarchical_Complete,7,0.112253582816896,4.668630817027855,1.4808149565551614,0.061852050057408,0.2091943647360483,0.7432432432432432,1.0,0.0,1,50,SINGLETON_DOMINATED
Combined_Equal_Block,Hierarchical_Complete,8,0.1059621735721525,4.386719045563,1.3461603758900924,0.0603464384965995,0.2091307546654408,0.7432432432432432,1.0,0.0,1,50,SINGLETON_DOMINATED
Combined_Equal_Block,Hierarchical_Complete,9,0.0806299594407116,4.462685930910892,1.569449143297423,0.0003936432890362,0.2161615125787298,0.7432432432432432,1.0,0.0,1,41,SINGLETON_DOMINATED
Combined_Equal_Block,Hierarchical_Complete,10,0.0801720764751673,4.27945328713629,1.3649658867431969,-0.0002109335274131,0.2143538562775429,0.7432432432432432,1.0,0.0,1,41,SINGLETON_DOMINATED
